 &FCI NORB=  26,NELEC=10,MS2=0,
  ORBSYM=1,1,1,1,1,1,1,1,1,1,1,1,1,1,1,1,1,1,1,1,1,1,1,1,1,1,
  ISYM=1,
 &END
 0.8773091599459523    1    1    1    1
 0.04239837557636664    2    1    2    1
 0.5317946980159284    2    2    1    1
 0.5431595338012084    2    2    2    2
 0.1088259548002551    3    1    3    1
 0.03934008906152663    3    2    3    2
 0.6705807525058645    3    3    1    1
 0.5039842711332632    3    3    2    2
 0.6062858181732446    3    3    3    3
 0.1088259548002551    4    1    4    1
 0.03934008906152664    4    2    4    2
 0.02516452564078141    4    3    4    3
 0.6705807525058645    4    4    1    1
 0.5039842711332632    4    4    2    2
 0.5559567668916817    4    4    3    3
 0.6062858181732446    4    4    4    4
 0.1505047222096879    5    1    1    1
 0.009804497595447065    5    1    2    2
 0.0660775720600572    5    1    3    3
 0.0660775720600572    5    1    4    4
 0.06376653047252895    5    1    5    1
 -0.08167783868900037    5    2    2    1
 0.2140903916008532    5    2    5    2
 -0.01321062575819532    5    3    3    1
 0.02488705287178218    5    3    5    3
 -0.01321062575819532    5    4    4    1
 0.02488705287178218    5    4    5    4
 0.5838176620426391    5    5    1    1
 0.547656468701848    5    5    2    2
 0.5186139409861981    5    5    3    3
 0.518613940986198    5    5    4    4
 0.03709163658722448    5    5    5    1
 0.5682164615857365    5    5    5    5
 0.02981882735855848    6    1    4    2
 0.02700324326092803    6    1    6    1
 0.06244064125783935    6    2    4    1
 -0.03495367839896862    6    2    5    4
 0.07029342347956039    6    2    6    2
 0.01290787000064359    6    3    6    3
 0.06788903483927841    6    4    2    1
 -0.1300415860678534    6    4    5    2
 0.1253089529744641    6    4    6    4
 -0.03428542178668022    6    5    4    2
 -0.02103115508557116    6    5    6    1
 0.03754829333727982    6    5    6    5
 0.5310121943663054    6    6    1    1
 0.4757739557014007    6    6    2    2
 0.4745387746781011    6    6    3    3
 0.5099582331294887    6    6    4    4
 0.02516004475018391    6    6    5    1
 0.4790288368451061    6    6    5    5
 0.4687846181522307    6    6    6    6
 0.02981882735855847    7    1    3    2
 0.02700324326092803    7    1    7    1
 0.06244064125783934    7    2    3    1
 -0.03495367839896862    7    2    5    3
 0.07029342347956039    7    2    7    2
 0.0678890348392784    7    3    2    1
 -0.1300415860678535    7    3    5    2
 0.09949321297317699    7    3    6    4
 0.1253089529744642    7    3    7    3
 0.01290787000064358    7    4    6    3
 0.01290787000064358    7    4    7    4
 -0.03428542178668022    7    5    3    2
 -0.02103115508557116    7    5    7    1
 0.03754829333727982    7    5    7    5
 0.01770972922569385    7    6    4    3
 0.01787920915327417    7    6    7    6
 0.5310121943663052    7    7    1    1
 0.4757739557014006    7    7    2    2
 0.5099582331294887    7    7    3    3
 0.4745387746781011    7    7    4    4
 0.0251600447501839    7    7    5    1
 0.479028836845106    7    7    5    5
 0.4330261998456824    7    7    6    6
 0.4687846181522306    7    7    7    7
 0.02304560001056969    8    1    2    1
 -0.03328661074771795    8    1    5    2
 0.03723418798524881    8    1    6    4
 0.03723418798524871    8    1    7    3
 0.01617384334199319    8    1    8    1
 0.1007354790365513    8    2    1    1
 0.06335841438795554    8    2    2    2
 0.0838192684620447    8    2    3    3
 0.08381926846204468    8    2    4    4
 0.01351185667663717    8    2    5    1
 0.0640363206134283    8    2    5    5
 0.06046241113156924    8    2    6    6
 0.06046241113156956    8    2    7    7
 1.118568322477382e-15    8    2    8    1
 0.03519356313033557    8    2    8    2
 0.01762247267299499    8    3    3    2
 0.0157800728385175    8    3    7    1
 -0.01083705269869387    8    3    7    5
 0.01109240189189593    8    3    8    3
 0.01762247267299503    8    4    4    2
 0.01578007283851754    8    4    6    1
 -0.01083705269869391    8    4    6    5
 0.01109240189189631    8    4    8    4
 -0.003389158152818567    8    5    2    1
 -0.000640170524736413    8    5    5    2
 -0.005248306219511142    8    5    6    4
 -0.005248306219511043    8    5    7    3
 -0.006209211391365773    8    5    8    1
 0.02190842147981573    8    5    8    5
 0.02728465530998712    8    6    4    1
 -0.006537874458396539    8    6    5    4
 0.01732420888074652    8    6    6    2
 -1.314676954702282e-15    8    6    8    4
 0.01499044629986819    8    6    8    6
 0.02728465530998712    8    7    3    1
 -0.006537874458396542    8    7    5    3
 0.01732420888074652    8    7    7    2
 0.01499044629986796    8    7    8    7
 0.3498613617742638    8    8    1    1
 2.209895071114563e-15    8    8    2    1
 0.3602928229331895    8    8    2    2
 0.3364645629072916    8    8    3    3
 0.3364645629072899    8    8    4    4
 0.003436640554444484    8    8    5    1
 -1.373057027620038e-15    8    8    5    2
 0.3639131478174906    8    8    5    5
 2.728414156716652e-15    8    8    6    4
 0.331877088286703    8    8    6    6
 -2.307153738415286e-15    8    8    7    3
 0.3318770882867106    8    8    7    7
 8.033154355306282e-15    8    8    8    1
 -0.001726300427804185    8    8    8    2
 1.268777703638332e-14    8    8    8    5
 0.3486740373044792    8    8    8    8
 -0.09410687308929699    9    1    1    1
 -0.02335559437471999    9    1    2    2
 -0.03570948882826212    9    1    3    3
 -0.03570948882826214    9    1    4    4
 -0.04056433468449418    9    1    5    1
 -0.0443303961738419    9    1    5    5
 -0.02112043424781511    9    1    6    6
 -0.02112043424781504    9    1    7    7
 -0.005825782450276341    9    1    8    2
 -0.0138571291260377    9    1    8    8
 0.03731402103002956    9    1    9    1
 0.0004071656416552717    9    2    2    1
 0.01145542790427134    9    2    5    2
 0.001704051744639095    9    2    6    4
 0.001704051744639087    9    2    7    3
 0.005495890868053634    9    2    8    1
 -0.01801514928353695    9    2    8    5
 1.077298885848838e-15    9    2    8    8
 0.01684057025046854    9    2    9    2
 0.02419609201035565    9    3    3    1
 -0.01171157545753271    9    3    5    3
 0.01983595457563462    9    3    7    2
 0.009460951192851884    9    3    8    7
 0.01938224246356013    9    3    9    3
 0.02419609201035565    9    4    4    1
 -0.01171157545753271    9    4    5    4
 0.01983595457563463    9    4    6    2
 0.009460951192851882    9    4    8    6
 0.01938224246356013    9    4    9    4
 -0.1310237100808697    9    5    1    1
 -0.04528406826779589    9    5    2    2
 -0.08447044922396155    9    5    3    3
 -0.08447044922396157    9    5    4    4
 -0.03697236346799991    9    5    5    1
 -0.05826699448206372    9    5    5    5
 -0.05125082995249716    9    5    6    6
 -0.05125082995249711    9    5    7    7
 -0.03318649880270037    9    5    8    2
 0.006020638186023931    9    5    8    8
 0.02087812410940664    9    5    9    1
 0.0436911508496961    9    5    9    5
 0.004135308253018699    9    6    4    2
 0.003054259770300809    9    6    6    1
 -0.001070860907754001    9    6    6    5
 0.005059396889241923    9    6    8    4
 0.007368196999928785    9    6    9    6
 0.004135308253018699    9    7    3    2
 0.003054259770300812    9    7    7    1
 -0.001070860907754008    9    7    7    5
 0.005059396889241917    9    7    8    3
 0.007368196999928783    9    7    9    7
 0.03341063606724456    9    8    2    1
 -0.09429754454461059    9    8    5    2
 0.05512531943073507    9    8    6    4
 0.05512531943073536    9    8    7    3
 0.006840738355661095    9    8    8    1
 0.03078286609913742    9    8    8    5
 2.236049120012365e-14    9    8    8    8
 -0.02793561537417013    9    8    9    2
 0.09508610086703756    9    8    9    8
 0.4618929799903838    9    9    1    1
 0.3936421920220214    9    9    2    2
 0.4142702531324498    9    9    3    3
 0.4142702531324498    9    9    4    4
 0.03284384993316143    9    9    5    1
 0.4070971701412394    9    9    5    5
 0.3770741444090391    9    9    6    6
 0.3770741444090389    9    9    7    7
 0.02507358331053201    9    9    8    2
 1.268017287661757e-15    9    9    8    5
 0.33113389999559    9    9    8    8
 -0.02165962378587095    9    9    9    1
 -0.02988145519375569    9    9    9    5
 0.3646316864971071    9    9    9    9
 -0.04466221916213982   10    1    3    1
 -0.004190106412439519   10    1    5    3
 -0.01636608336985866   10    1    7    2
 -0.01190963463372346   10    1    8    7
 0.001318530503432178   10    1    9    3
 0.03039502818724455   10    1   10    1
 -0.006245795179162308   10    2    3    2
 -0.00591559207924836   10    2    7    1
 0.0001802896904933866   10    2    7    5
 -0.006389329837140805   10    2    8    3
 -0.003348872426964299   10    2    9    7
 0.01078440043083737   10    2   10    2
 -0.1734345357122845   10    3    1    1
 -0.08792054540960177   10    3    2    2
 -0.121822311802105   10    3    3    3
 -0.1126230644515316   10    3    4    4
 -0.04046759961623018   10    3    5    1
 -0.1010125800077012   10    3    5    5
 -0.07851858497083346   10    3    6    6
 -0.08088961774366658   10    3    7    7
 -0.03287340945802968   10    3    8    2
 -0.03174699727395337   10    3    8    8
 0.03260122567158424   10    3    9    1
 0.03777584934202139   10    3    9    5
 -0.04775906948220052   10    3    9    9
 0.07725963003574356   10    3   10    3
 -0.004599623675286664   10    4    4    3
 -0.001185516386416548   10    4    7    6
 0.008205772022186539   10    4   10    4
 -0.02149903212081896   10    5    3    1
 0.0003826679318421981   10    5    5    3
 -0.01180341786201738   10    5    7    2
 0.0006577484428424725   10    5    8    7
 -0.003964611697902262   10    5    9    3
 0.005096742780787992   10    5   10    1
 0.01340630186043508   10    5   10    5
 -0.001307166904914595   10    6    6    3
 -0.001307166904914595   10    6    7    4
 0.006335956030278134   10    6   10    6
 -0.01354399417231487   10    7    2    1
 0.01182062384639658   10    7    5    2
 -0.0185300703939881   10    7    6    4
 -0.0211444042038173   10    7    7    3
 -0.01430070788202647   10    7    8    1
 0.01383262371159025   10    7    8    5
 -0.01155514918068848   10    7    9    2
 0.0162994753142641   10    7    9    8
 0.04001384096827225   10    7   10    7
 -0.01184757033897482   10    8    3    2
 -0.009697317891136646   10    8    7    1
 0.01047452107027399   10    8    7    5
 -0.003807589252609442   10    8    8    3
 0.003372083564486213   10    8    9    7
 0.001911105943707983   10    8   10    2
 0.00783994014789233   10    8   10    8
 0.02547481199664374   10    9    3    1
 -0.0005551461392593294   10    9    5    3
 0.009179437150173188   10    9    7    2
 0.008680576914233773   10    9    8    7
 0.01268282700077346   10    9    9    3
 -0.005305382575617048   10    9   10    1
 -0.008289314205590698   10    9   10    5
 0.01852646283350622   10    9   10    9
 0.5186071210679346   10   10    1    1
 0.4164948411156879   10   10    2    2
 0.479892262725918   10   10    3    3
 0.4478885277112467   10   10    4    4
 0.04181509877238684   10   10    5    1
 0.4271570953870298   10   10    5    5
 0.3975024925256849   10   10    6    6
 0.4246760939067905   10   10    7    7
 0.05410201775634577   10   10    8    2
 0.303089056769579   10   10    8    8
 -0.02373353596890845   10   10    9    1
 -0.05683052580317827   10   10    9    5
 0.3620406405142465   10   10    9    9
 -0.06841304732015646   10   10   10    3
 0.4185679543333459   10   10   10   10
 -0.04466221916213983   11    1    4    1
 -0.004190106412439523   11    1    5    4
 -0.01636608336985867   11    1    6    2
 -0.01190963463372349   11    1    8    6
 0.001318530503432179   11    1    9    4
 0.03039502818724454   11    1   11    1
 -0.006245795179162308   11    2    4    2
 -0.00591559207924836   11    2    6    1
 0.0001802896904933895   11    2    6    5
 -0.006389329837140807   11    2    8    4
 -0.003348872426964298   11    2    9    6
 0.01078440043083736   11    2   11    2
 -0.004599623675286664   11    3    4    3
 -0.001185516386416547   11    3    7    6
 0.008205772022186539   11    3   10    4
 0.008205772022186539   11    3   11    3
 -0.1734345357122845   11    4    1    1
 -0.08792054540960183   11    4    2    2
 -0.1126230644515316   11    4    3    3
 -0.1218223118021049   11    4    4    4
 -0.04046759961623018   11    4    5    1
 -0.1010125800077012   11    4    5    5
 -0.08088961774366651   11    4    6    6
 -0.07851858497083342   11    4    7    7
 -0.03287340945802993   11    4    8    2
 -0.03174699727395398   11    4    8    8
 0.03260122567158429   11    4    9    1
 0.0377758493420214   11    4    9    5
 -0.04775906948220058   11    4    9    9
 0.06084808599137045   11    4   10    3
 -0.0706247393620197   11    4   10   10
 0.07725963003574356   11    4   11    4
 -0.02149903212081896   11    5    4    1
 0.0003826679318422003   11    5    5    4
 -0.01180341786201738   11    5    6    2
 0.0006577484428424704   11    5    8    6
 -0.003964611697902265   11    5    9    4
 0.005096742780787994   11    5   11    1
 0.01340630186043507   11    5   11    5
 -0.01354399417231486   11    6    2    1
 0.01182062384639657   11    6    5    2
 -0.02114440420381728   11    6    6    4
 -0.01853007039398806   11    6    7    3
 -0.01430070788202647   11    6    8    1
 0.0138326237115904   11    6    8    5
 1.728888829708886e-15   11    6    8    8
 -0.01155514918068848   11    6    9    2
 0.01629947531426441   11    6    9    8
 0.02734192890771591   11    6   10    7
 0.04001384096827218   11    6   11    6
 -0.001307166904914595   11    7    6    3
 -0.001307166904914596   11    7    7    4
 0.006335956030278135   11    7   10    6
 0.006335956030278134   11    7   11    7
 -0.01184757033897486   11    8    4    2
 -0.009697317891136653   11    8    6    1
 0.01047452107027404   11    8    6    5
 -0.003807589252609834   11    8    8    4
 0.0033720835644862   11    8    9    6
 0.001911105943707948   11    8   11    2
 0.007839940147892075   11    8   11    8
 0.02547481199664374   11    9    4    1
 -0.0005551461392593284   11    9    5    4
 0.009179437150173197   11    9    6    2
 0.008680576914233795   11    9    8    6
 0.01268282700077346   11    9    9    4
 -0.005305382575617048   11    9   11    1
 -0.008289314205590686   11    9   11    5
 0.01852646283350622   11    9   11    9
 0.01600186750733561   11   10    4    3
 0.01358680069055266   11   10    7    6
 0.001105846020931632   11   10   10    4
 0.001105846020931632   11   10   11    3
 0.01696144746762412   11   10   11   10
 0.5186071210679345   11   11    1    1
 0.4164948411156879   11   11    2    2
 0.4478885277112467   11   11    3    3
 0.479892262725918   11   11    4    4
 0.0418150987723868   11   11    5    1
 0.4271570953870298   11   11    5    5
 0.4246760939067903   11   11    6    6
 0.397502492525685   11   11    7    7
 0.05410201775634581   11   11    8    2
 0.3030890567695743   11   11    8    8
 -0.02373353596890849   11   11    9    1
 -0.05683052580317834   11   11    9    5
 0.3620406405142464   11   11    9    9
 -0.0706247393620196   11   11   10    3
 0.3846450593980973   11   11   10   10
 -0.06841304732015649   11   11   11    4
 0.4185679543333458   11   11   11   11
 0.08391373635136971   12    1    1    1
 0.04740511548685542   12    1    2    2
 0.05163159422732019   12    1    3    3
 0.05163159422732021   12    1    4    4
 0.02101261964737106   12    1    5    1
 0.05590082239878032   12    1    5    5
 0.03820242252725831   12    1    6    6
 0.03820242252725824   12    1    7    7
 0.01583810560231819   12    1    8    2
 0.01603789613077163   12    1    8    8
 -0.02170003285066906   12    1    9    1
 -0.01888912767491334   12    1    9    5
 0.02118905504797835   12    1    9    9
 -0.03497422774115842   12    1   10    3
 0.03148755867103752   12    1   10   10
 -0.03497422774115844   12    1   11    4
 0.03148755867103743   12    1   11   11
 0.0211864920175449   12    1   12    1
 0.03566294708480896   12    2    2    1
 -0.08768731214866916   12    2    5    2
 0.05388136217713745   12    2    6    4
 0.05388136217713744   12    2    7    3
 0.02048011126793281   12    2    8    1
 -0.01902375782193615   12    2    8    5
 -1.414371565657768e-15   12    2    8    8
 0.01087815003484089   12    2    9    2
 0.009385910716907536   12    2    9    8
 -0.03101805115415748   12    2   10    7
 -0.03101805115415743   12    2   11    6
 0.06565880997378895   12    2   12    2
 -0.00376522577335166   12    3    3    1
 0.0007529543003253001   12    3    5    3
 -0.0007805773095546469   12    3    7    2
 0.004057274933753908   12    3    8    7
 -0.01083990143293291   12    3    9    3
 -0.01103002767678716   12    3   10    1
 0.01067813071406072   12    3   10    5
 -0.0101475694437286   12    3   10    9
 0.0207139433394308   12    3   12    3
 -0.003765225773351657   12    4    4    1
 0.0007529543003252991   12    4    5    4
 -0.0007805773095546488   12    4    6    2
 0.004057274933753885   12    4    8    6
 -0.01083990143293291   12    4    9    4
 -0.01103002767678717   12    4   11    1
 0.01067813071406073   12    4   11    5
 -0.01014756944372859   12    4   11    9
 0.02071394333943082   12    4   12    4
 -0.0613253479921806   12    5    1    1
 -0.09957847562710029   12    5    2    2
 -0.06415586592333422   12    5    3    3
 -0.06415586592333422   12    5    4    4
 0.006065443112502961   12    5    5    1
 -0.1002247569019703   12    5    5    5
 -0.06034368216905482   12    5    6    6
 -0.06034368216905483   12    5    7    7
 -0.02849131791536668   12    5    8    2
 -0.02154731202128968   12    5    8    8
 0.005526397492463185   12    5    9    1
 0.01887025895825086   12    5    9    5
 -0.02561642091373679   12    5    9    9
 0.03435074979641119   12    5   10    3
 -0.03940368266267964   12    5   10   10
 0.03435074979641119   12    5   11    4
 -0.03940368266267966   12    5   11   11
 -0.02041319382081358   12    5   12    1
 0.05923705595032551   12    5   12    5
 0.006201842062165882   12    6    4    2
 0.004169325597061841   12    6    6    1
 -0.001481797182280156   12    6    6    5
 0.005906427410722784   12    6    8    4
 0.003083716535728797   12    6    9    6
 -0.01300355669619702   12    6   11    2
 -0.0014779632712877   12    6   11    8
 0.01799600277417278   12    6   12    6
 0.006201842062165879   12    7    3    2
 0.004169325597061842   12    7    7    1
 -0.001481797182280153   12    7    7    5
 0.005906427410722771   12    7    8    3
 0.003083716535728794   12    7    9    7
 -0.01300355669619702   12    7   10    2
 -0.001477963271287742   12    7   10    8
 0.01799600277417276   12    7   12    7
 0.03163727435776683   12    8    2    1
 -0.08188822505878404   12    8    5    2
 0.05088271751863924   12    8    6    4
 0.05088271751863981   12    8    7    3
 0.01134669113148556   12    8    8    1
 1.510734091275243e-15   12    8    8    2
 0.01371007289723729   12    8    8    5
 -1.157275489572421e-14   12    8    8    8
 -0.0143950309372058   12    8    9    2
 0.05986115154642094   12    8    9    8
 1.419956882935706e-15   12    8    9    9
 -0.002047430611998428   12    8   10    7
 -0.002047430611997613   12    8   11    6
 0.02577942302748048   12    8   12    2
 0.046136461665468   12    8   12    8
 -0.05601940771898375   12    9    1    1
 0.003639142660043928   12    9    2    2
 -0.04006621626445094   12    9    3    3
 -0.04006621626445098   12    9    4    4
 -0.01617666629712525   12    9    5    1
 0.001823938061607859   12    9    5    5
 -0.01521331730638363   12    9    6    6
 -0.01521331730638357   12    9    7    7
 -0.01592031373117022   12    9    8    2
 0.02295240358179113   12    9    8    8
 -0.003658273144663628   12    9    9    1
 0.02098264073011247   12    9    9    5
 -0.01251853854628242   12    9    9    9
 0.0008908329279388782   12    9   10    3
 -0.03041489793924375   12    9   10   10
 0.0008908329279389521   12    9   11    4
 -0.03041489793924384   12    9   11   11
 0.003415060693030079   12    9   12    1
 -0.009776615685513301   12    9   12    5
 0.032772355733892   12    9   12    9
 -0.05215858714086286   12   10    3    1
 0.02288993053192142   12   10    5    3
 -0.04922658482764648   12   10    7    2
 -0.0111862607697359   12   10    8    7
 -0.02192950224610273   12   10    9    3
 0.008715505150746046   12   10   10    1
 0.01578166327045549   12   10   10    5
 -0.01829529577689305   12   10   10    9
 0.01291210930203882   12   10   12    3
 0.05061629832339617   12   10   12   10
 -0.05215858714086287   12   11    4    1
 0.02288993053192143   12   11    5    4
 -0.04922658482764648   12   11    6    2
 -0.01118626076973597   12   11    8    6
 -0.02192950224610274   12   11    9    4
 0.008715505150746062   12   11   11    1
 0.01578166327045546   12   11   11    5
 -0.01829529577689305   12   11   11    9
 0.0129121093020388   12   11   12    4
 0.05061629832339615   12   11   12   11
 0.4845378803985821   12   12    1    1
 0.4614272892721367   12   12    2    2
 0.4565617642982827   12   12    3    3
 0.4565617642982828   12   12    4    4
 0.01681513209527147   12   12    5    1
 0.4675813594032461   12   12    5    5
 0.4228915743332518   12   12    6    6
 0.4228915743332514   12   12    7    7
 0.05250062894566326   12   12    8    2
 0.3271136976859409   12   12    8    8
 -0.01526015115801019   12   12    9    1
 -0.04504490254692692   12   12    9    5
 -1.31952302685058e-15   12   12    9    8
 0.3690902507853016   12   12    9    9
 -0.06387247893006288   12   12   10    3
 0.3931117050802033   12   12   10   10
 -0.063872478930063   12   12   11    4
 0.3931117050802033   12   12   11   11
 0.03147793638299586   12   12   12    1
 -0.06826825910748664   12   12   12    5
 1.620666863951449e-15   12   12   12    8
 -0.01122563867041604   12   12   12    9
 0.418862604142697   12   12   12   12
 -0.01910467245892617   13    1    4    2
 -0.0198020999871973   13    1    6    1
 0.008936828627825763   13    1    6    5
 -0.01253869114404121   13    1    8    4
 -0.00178790666420833   13    1    9    6
 0.009873467754681989   13    1   11    2
 0.007452102619159843   13    1   11    8
 -0.009966550862670266   13    1   12    6
 0.01943279622104451   13    1   13    1
 -0.02652233246455617   13    2    4    1
 0.01088585667407775   13    2    5    4
 -0.02321071439260912   13    2    6    2
 -0.01515877869148272   13    2    8    6
 -0.005315664155174912   13    2    9    4
 0.01620083806042968   13    2   11    1
 -0.006220374514773711   13    2   11    5
 -0.00162875197639283   13    2   11    9
 -0.01474578124898264   13    2   12    4
 0.009041102424027735   13    2   12   11
 0.02420031563398443   13    2   13    2
 -0.006764554584979356   13    3    6    3
 -0.006764554584979356   13    3    7    4
 0.00597017327187943   13    3   10    6
 0.005970173271879429   13    3   11    7
 0.008084206133033508   13    3   13    3
 -0.04293839918409117   13    4    2    1
 0.0718999252688577   13    4    5    2
 -0.0756635798415683   13    4    6    4
 -0.06213447067160953   13    4    7    3
 -0.0291150081194073   13    4    8    1
 0.0135790800147182   13    4    8    5
 -0.00986450835875065   13    4    9    2
 -0.01281653010664893   13    4    9    8
 0.03189510308825509   13    4   10    7
 0.04383544963201392   13    4   11    6
 -0.0521012986193129   13    4   12    2
 -0.02650418665224063   13    4   12    8
 0.07236411439110231   13    4   13    4
 0.01088270090093291   13    5    4    2
 0.004653557535319439   13    5    6    1
 -0.009688716732805854   13    5    6    5
 0.006225623968000131   13    5    8    4
 0.00533246881137993   13    5    9    6
 -0.009319806308666252   13    5   11    2
 -0.0009341282582821631   13    5   11    8
 0.01340186998886187   13    5   12    6
 -0.00550529082100672   13    5   13    1
 0.01443914849022407   13    5   13    5
 -0.1761223558756107   13    6    1    1
 -0.1161105954863624   13    6    2    2
 -0.1301390837531158   13    6    3    3
 -0.143224139931236   13    6    4    4
 -0.02840697257979217   13    6    5    1
 -0.1230864578049039   13    6    5    5
 -0.1033614568797348   13    6    6    6
 -0.09697315909841911   13    6    7    7
 -0.04321526323485352   13    6    8    2
 -0.03445251156828897   13    6    8    8
 0.02347410958291008   13    6    9    1
 0.04201067226483249   13    6    9    5
 -0.05695177805267547   13    6    9    9
 0.06202486397201657   13    6   10    3
 -0.08391033184241621   13    6   10   10
 0.07658053955475824   13    6   11    4
 -0.08449724100308173   13    6   11   11
 -0.03464379966433812   13    6   12    1
 0.04845476137106128   13    6   12    5
 -1.182051650170126e-15   13    6   12    8
 0.005938747314761452   13    6   12    9
 -0.08586247295079222   13    6   12   12
 0.08984048055878299   13    6   13    6
 -0.006542528089060057   13    7    4    3
 -0.003194148890657849   13    7    7    6
 0.007277837791370857   13    7   10    4
 0.007277837791370858   13    7   11    3
 -0.0002934545803327994   13    7   11   10
 0.009154821191815611   13    7   13    7
 -0.02871760762470069   13    8    4    1
 0.01306435676566813   13    8    5    4
 -0.03014333465404072   13    8    6    2
 -0.003025481227999326   13    8    8    6
 -0.004710842505272663   13    8    9    4
 0.01046152393925368   13    8   11    1
 0.006519320114262609   13    8   11    5
 -2.330759256778504e-05   13    8   11    9
 -0.001211447101524969   13    8   12    4
 0.0223784066523698   13    8   12   11
 0.008608522146201086   13    8   13    2
 0.01956716915257165   13    8   13    8
 -0.007078014532512022   13    9    4    2
 -0.002633575396189688   13    9    6    1
 0.01049452704237998   13    9    6    5
 0.000437368331961916   13    9    8    4
 0.00335541203033183   13    9    9    6
 -0.001571423600895193   13    9   11    2
 0.005611093348631115   13    9   11    8
 0.001807152424042639   13    9   12    6
 -0.0006285570175036941   13    9   13    1
 -0.000935491732024256   13    9   13    5
 0.007876647676310841   13    9   13    9
 0.009223784551482853   13   10    6    3
 0.009223784551482855   13   10    7    4
 -0.0001194692243132084   13   10   10    6
 -0.0001194692243132078   13   10   11    7
 -0.004378085963035766   13   10   13    3
 0.009473718915066232   13   10   13   10
 0.0552555534576228   13   11    2    1
 -0.1077211805913752   13   11    5    2
 0.1030526863738358   13   11    6    4
 0.08460511727087011   13   11    7    3
 0.0302718793100537   13   11    8    1
 0.0005881774984412723   13   11    8    5
 3.564079801110242e-15   13   11    8    8
 -0.001965004696647943   13   11    9    2
 0.05268081201964867   13   11    9    8
 -0.01517573485004083   13   11   10    7
 -0.01541467329866723   13   11   11    6
 0.04322452401204602   13   11   12    2
 0.0484378944641802   13   11   12    8
 -0.06170487446710197   13   11   13    4
 0.0979565202753751   13   11   13   11
 -0.03056455546790609   13   12    4    2
 -0.02185381328933365   13   12    6    1
 0.0296236458381796   13   12    6    5
 -0.01114616156494102   13   12    8    4
 -0.0001052484386771933   13   12    9    6
 0.002045586815954617   13   12   11    2
 0.01197313170837768   13   12   11    8
 -0.0006813285638514278   13   12   12    6
 0.01229361131419312   13   12   13    1
 -0.005791513379256364   13   12   13    5
 0.008958008232448441   13   12   13    9
 0.03109621502486548   13   12   13   12
 0.526597687242941   13   13    1    1
 0.4536399836560442   13   13    2    2
 0.4623420243111611   13   13    3    3
 0.4914976735074427   13   13    4    4
 0.03525660053173422   13   13    5    1
 0.4622843503728987   13   13    5    5
 0.4471128280665012   13   13    6    6
 0.4180897239766019   13   13    7    7
 0.05907326698449834   13   13    8    2
 0.3227373152915398   13   13    8    8
 -0.03036047450695815   13   13    9    1
 -0.05579875323309165   13   13    9    5
 0.3651125454179646   13   13    9    9
 -0.08621249183747107   13   13   10    3
 0.3914685225274918   13   13   10   10
 -0.09133954922203592   13   13   11    4
 0.4184795418142581   13   13   11   11
 0.04353479863317971   13   13   12    1
 -0.06160148220027731   13   13   12    5
 -0.01063212822268921   13   13   12    9
 0.4104860577688102   13   13   12   12
 -0.1074721859423894   13   13   13    6
 0.4462148211795712   13   13   13   13
 -0.01910467245892616   14    1    3    2
 -0.01980209998719729   14    1    7    1
 0.008936828627825756   14    1    7    5
 -0.01253869114404122   14    1    8    3
 -0.001787906664208338   14    1    9    7
 0.009873467754681993   14    1   10    2
 0.007452102619159896   14    1   10    8
 -0.009966550862670268   14    1   12    7
 0.01943279622104452   14    1   14    1
 -0.02652233246455616   14    2    3    1
 0.01088585667407775   14    2    5    3
 -0.02321071439260911   14    2    7    2
 -0.01515877869148264   14    2    8    7
 -0.005315664155174932   14    2    9    3
 0.01620083806042968   14    2   10    1
 -0.006220374514773717   14    2   10    5
 -0.001628751976392813   14    2   10    9
 -0.01474578124898264   14    2   12    3
 0.009041102424027714   14    2   12   10
 0.02420031563398446   14    2   14    2
 -0.04293839918409117   14    3    2    1
 0.07189992526885769   14    3    5    2
 -0.06213447067160954   14    3    6    4
 -0.0756635798415683   14    3    7    3
 -0.02911500811940719   14    3    8    1
 0.0135790800147181   14    3    8    5
 -0.009864508358750671   14    3    9    2
 -0.01281653010664922   14    3    9    8
 0.04383544963201391   14    3   10    7
 0.03189510308825508   14    3   11    6
 -0.05210129861931291   14    3   12    2
 -0.02650418665224017   14    3   12    8
 0.05619570212503532   14    3   13    4
 -0.05294870254103023   14    3   13   11
 0.07236411439110228   14    3   14    3
 -0.006764554584979356   14    4    6    3
 -0.006764554584979356   14    4    7    4
 0.005970173271879431   14    4   10    6
 0.00597017327187943   14    4   11    7
 0.008084206133033506   14    4   13    3
 -0.00437808596303577   14    4   13   10
 0.008084206133033506   14    4   14    4
 0.0108827009009329   14    5    3    2
 0.004653557535319435   14    5    7    1
 -0.009688716732805852   14    5    7    5
 0.00622562396800011   14    5    8    3
 0.005332468811379924   14    5    9    7
 -0.009319806308666261   14    5   10    2
 -0.0009341282582822455   14    5   10    8
 0.01340186998886187   14    5   12    7
 -0.005505290821006727   14    5   14    1
 0.01443914849022407   14    5   14    5
 -0.006542528089060057   14    6    4    3
 -0.003194148890657849   14    6    7    6
 0.007277837791370857   14    6   10    4
 0.007277837791370858   14    6   11    3
 -0.0002934545803327997   14    6   11   10
 0.009154821191815612   14    6   13    7
 0.009154821191815612   14    6   14    6
 -0.1761223558756108   14    7    1    1
 -0.1161105954863624   14    7    2    2
 -0.143224139931236   14    7    3    3
 -0.1301390837531159   14    7    4    4
 -0.02840697257979218   14    7    5    1
 -0.123086457804904   14    7    5    5
 -0.09697315909841919   14    7    6    6
 -0.1033614568797351   14    7    7    7
 -0.0432152632348534   14    7    8    2
 -0.03445251156828853   14    7    8    8
 0.0234741095829101   14    7    9    1
 0.04201067226483257   14    7    9    5
 -0.05695177805267557   14    7    9    9
 0.07658053955475824   14    7   10    3
 -0.08449724100308163   14    7   10   10
 0.06202486397201659   14    7   11    4
 -0.08391033184241616   14    7   11   11
 -0.03464379966433813   14    7   12    1
 0.04845476137106128   14    7   12    5
 0.005938747314761269   14    7   12    9
 -0.08586247295079247   14    7   12   12
 0.07153083817515141   14    7   13    6
 -0.1011295143389139   14    7   13   13
 0.08984048055878258   14    7   14    7
 -0.02871760762470067   14    8    3    1
 0.01306435676566811   14    8    5    3
 -0.03014333465404058   14    8    7    2
 -0.003025481227998584   14    8    8    7
 -0.004710842505272685   14    8    9    3
 0.01046152393925378   14    8   10    1
 0.006519320114262532   14    8   10    5
 -2.330759256772675e-05   14    8   10    9
 -0.001211447101524948   14    8   12    3
 0.02237840665236969   14    8   12   10
 0.008608522146201395   14    8   14    2
 0.01956716915257367   14    8   14    8
 -0.007078014532512026   14    9    3    2
 -0.002633575396189693   14    9    7    1
 0.01049452704237999   14    9    7    5
 0.0004373683319618359   14    9    8    3
 0.003355412030331846   14    9    9    7
 -0.001571423600895188   14    9   10    2
 0.005611093348631221   14    9   10    8
 0.001807152424042669   14    9   12    7
 -0.0006285570175036956   14    9   14    1
 -0.0009354917320242601   14    9   14    5
 0.007876647676310876   14    9   14    9
 0.05525555345762282   14   10    2    1
 -0.1077211805913752   14   10    5    2
 0.08460511727087   14   10    6    4
 0.1030526863738358   14   10    7    3
 0.03027187931005362   14   10    8    1
 0.000588177498441189   14   10    8    5
 6.314206805008036e-15   14   10    8    8
 -0.001965004696647915   14   10    9    2
 0.05268081201964901   14   10    9    8
 -0.0154146732986672   14   10   10    7
 -0.0151757348500408   14   10   11    6
 0.04322452401204613   14   10   12    2
 0.04843789446418001   14   10   12    8
 -0.05294870254103032   14   10   13    4
 0.07900908244524216   14   10   13   11
 -0.06170487446710187   14   10   14    3
 0.09795652027537503   14   10   14   10
 0.009223784551482855   14   11    6    3
 0.009223784551482853   14   11    7    4
 -0.0001194692243132073   14   11   10    6
 -0.0001194692243132063   14   11   11    7
 -0.004378085963035768   14   11   13    3
 0.009473718915066232   14   11   13   10
 -0.004378085963035767   14   11   14    4
 0.009473718915066235   14   11   14   11
 -0.0305645554679061   14   12    3    2
 -0.02185381328933366   14   12    7    1
 0.0296236458381796   14   12    7    5
 -0.01114616156494109   14   12    8    3
 -0.0001052484386772447   14   12    9    7
 0.002045586815954616   14   12   10    2
 0.01197313170837772   14   12   10    8
 -0.0006813285638514438   14   12   12    7
 0.01229361131419312   14   12   14    1
 -0.005791513379256367   14   12   14    5
 0.008958008232448373   14   12   14    9
 0.03109621502486546   14   12   14   12
 0.01457782459814083   14   13    4    3
 0.01451155204494945   14   13    7    6
 -0.002563528692282451   14   13   10    4
 -0.002563528692282449   14   13   11    3
 0.01350550964338311   14   13   11   10
 -0.003171335801738328   14   13   13    7
 -0.003171335801738325   14   13   14    6
 0.01539487015841888   14   13   14   13
 0.5265976872429409   14   14    1    1
 0.4536399836560443   14   14    2    2
 0.4914976735074426   14   14    3    3
 0.462342024311161   14   14    4    4
 0.0352566005317342   14   14    5    1
 0.4622843503728988   14   14    5    5
 0.4180897239766017   14   14    6    6
 0.4471128280665007   14   14    7    7
 0.05907326698449825   14   14    8    2
 0.3227373152915359   14   14    8    8
 -0.03036047450695798   14   14    9    1
 -0.05579875323309166   14   14    9    5
 0.365112545417964   14   14    9    9
 -0.09133954922203585   14   14   10    3
 0.418479541814258   14   14   10   10
 -0.08621249183747101   14   14   11    4
 0.3914685225274918   14   14   11   11
 0.04353479863317974   14   14   12    1
 -0.06160148220027736   14   14   12    5
 -0.01063212822268936   14   14   12    9
 0.41048605776881   14   14   12   12
 -0.1011295143389138   14   14   13    6
 0.4154250808627319   14   14   13   13
 -0.1074721859423899   14   14   14    7
 0.4462148211795705   14   14   14   14
 0.02652432123143121   15    1    2    1
 -0.0309890531531693   15    1    5    2
 0.04540138602979655   15    1    6    4
 0.04540138602979656   15    1    7    3
 0.02060687286634036   15    1    8    1
 -0.0007630911947737152   15    1    8    5
 5.860632506766306e-15   15    1    8    8
 0.003562615694208692   15    1    9    2
 0.01255308554854693   15    1    9    8
 -0.01368781788419176   15    1   10    7
 -0.0136878178841918   15    1   11    6
 0.01353166856756722   15    1   12    2
 0.01394857883416197   15    1   12    8
 -0.03225584495024742   15    1   13    4
 0.03969984959166781   15    1   13   11
 -0.03225584495024732   15    1   14    3
 0.03969984959166768   15    1   14   10
 0.03449034203336875   15    1   15    1
 -0.02382844212254705   15    2    1    1
 -0.08544663946068182   15    2    2    2
 -0.02800107685040059   15    2    3    3
 -0.02800107685040064   15    2    4    4
 0.009227003435146144   15    2    5    1
 -0.09094927773077872   15    2    5    5
 -0.03599430029212055   15    2    6    6
 -0.03599430029212047   15    2    7    7
 -0.01282231208233707   15    2    8    2
 -1.161320158929074e-15   15    2    8    5
 -0.02622637108286888   15    2    8    8
 0.008621425941319273   15    2    9    1
 0.005615606253581771   15    2    9    5
 -1.630903590344277e-15   15    2    9    8
 -0.01957420916753118   15    2    9    9
 0.02243899547342197   15    2   10    3
 -0.01787127681623607   15    2   10   10
 0.02243899547342186   15    2   11    4
 -0.01787127681623598   15    2   11   11
 -0.01686333343944035   15    2   12    1
 0.0563014794407066   15    2   12    5
 -0.01983853485761734   15    2   12    9
 -0.05428338956403859   15    2   12   12
 0.0323562076051527   15    2   13    6
 -0.03954920596682026   15    2   13   13
 0.0323562076051529   15    2   14    7
 -0.03954920596682013   15    2   14   14
 0.06569181349131142   15    2   15    2
 0.01363564030019199   15    3    3    2
 0.01665510975406412   15    3    7    1
 -0.006529216779553903   15    3    7    5
 0.008620717000486068   15    3    8    3
 0.001950996601225527   15    3    9    7
 0.002200340680611952   15    3   10    2
 -0.00391041587400201   15    3   10    8
 -0.007340880568187464   15    3   12    7
 -0.00995680193315136   15    3   14    1
 -0.006479691429368718   15    3   14    5
 0.0007532636699880661   15    3   14    9
 -0.009414129471129405   15    3   14   12
 0.01902364986764953   15    3   15    3
 0.01363564030019199   15    4    4    2
 0.01665510975406412   15    4    6    1
 -0.006529216779553888   15    4    6    5
 0.008620717000486217   15    4    8    4
 0.001950996601225542   15    4    9    6
 0.002200340680611956   15    4   11    2
 -0.003910415874002146   15    4   11    8
 -0.007340880568187449   15    4   12    6
 -0.009956801933151349   15    4   13    1
 -0.006479691429368706   15    4   13    5
 0.0007532636699880721   15    4   13    9
 -0.009414129471129254   15    4   13   12
 0.01902364986764964   15    4   15    4
 0.04234165283867263   15    5    2    1
 -0.1178447437123931   15    5    5    2
 0.06477196142290265   15    5    6    4
 0.06477196142290265   15    5    7    3
 0.02234844110784374   15    5    8    1
 -1.247351020643463e-15   15    5    8    2
 -0.01043787426319034   15    5    8    5
 -1.399371946390002e-14   15    5    8    8
 0.003023213467947823   15    5    9    2
 0.02947801075919438   15    5    9    8
 -0.02972266817692768   15    5   10    7
 -0.02972266817692769   15    5   11    6
 0.07504611483099777   15    5   12    2
 0.04053771185643729   15    5   12    8
 -0.05683955725984875   15    5   13    4
 0.05629493537981159   15    5   13   11
 -0.05683955725984866   15    5   14    3
 0.05629493537981151   15    5   14   10
 0.0203380253743735   15    5   15    1
 0.1004286812593015   15    5   15    5
 0.04065939373481642   15    6    4    1
 -0.007179928382023232   15    6    5    4
 0.02637351499970932   15    6    6    2
 0.00702700064682042   15    6    8    6
 0.01381118149176628   15    6    9    4
 -0.008580478336904293   15    6   11    1
 -0.01668835318315754   15    6   11    5
 0.01419173495135654   15    6   11    9
 -0.01536010578757929   15    6   12    4
 -0.02943286096869639   15    6   12   11
 0.002075532649416553   15    6   13    2
 -0.01216541061998502   15    6   13    8
 0.03074659335547112   15    6   15    6
 0.04065939373481643   15    7    3    1
 -0.007179928382023226   15    7    5    3
 0.0263735149997093   15    7    7    2
 0.007027000646820325   15    7    8    7
 0.01381118149176628   15    7    9    3
 -0.0085804783369043   15    7   10    1
 -0.01668835318315754   15    7   10    5
 0.01419173495135655   15    7   10    9
 -0.01536010578757923   15    7   12    3
 -0.0294328609686964   15    7   12   10
 0.002075532649416572   15    7   14    2
 -0.01216541061998452   15    7   14    8
 0.03074659335547106   15    7   15    7
 0.04838146425249312   15    8    1    1
 0.00383540295998905   15    8    2    2
 0.03236427454644151   15    8    3    3
 0.03236427454644125   15    8    4    4
 0.01364637051888297   15    8    5    1
 -1.310604457162238e-15   15    8    5    2
 0.005609204913728325   15    8    5    5
 0.01599337486074332   15    8    6    6
 0.01599337486074594   15    8    7    7
 5.957414404996644e-15   15    8    8    1
 0.008033962513073941   15    8    8    2
 -6.196055206416112e-15   15    8    8    5
 -0.003013022563844638   15    8    8    8
 -0.002998739684062759   15    8    9    1
 -0.01121251284892386   15    8    9    5
 -1.529590761954801e-14   15    8    9    8
 0.01249951901561137   15    8    9    9
 -0.008418374399131578   15    8   10    3
 0.02039846596621671   15    8   10   10
 -0.008418374399132662   15    8   11    4
 0.02039846596621765   15    8   11   11
 0.001864318177552283   15    8   12    1
 0.007693328768566854   15    8   12    5
 -2.339829696427536e-14   15    8   12    8
 -0.01487538370019614   15    8   12    9
 0.006837113967957426   15    8   12   12
 1.522818277928578e-15   15    8   13    4
 -0.008818235369292892   15    8   13    6
 0.01281575349604937   15    8   13   13
 -0.008818235369289402   15    8   14    7
 0.01281575349605016   15    8   14   14
 3.656674513676045e-15   15    8   15    1
 0.01430648808060388   15    8   15    2
 -1.682461243842008e-15   15    8   15    5
 0.01069096256960738   15    8   15    8
 -0.009140405547524291   15    9    2    1
 0.02350370706485539   15    9    5    2
 -0.01532439833203915   15    9    6    4
 -0.0153243983320391   15    9    7    3
 -0.006313289793615325   15    9    8    1
 4.866161240329024e-05   15    9    8    5
 3.707919814375257e-15   15    9    8    8
 0.000306915240290868   15    9    9    2
 -0.008111954058571383   15    9    9    8
 0.01147813141735063   15    9   10    7
 0.01147813141735075   15    9   11    6
 -0.01796887207974475   15    9   12    2
 -0.01425704424399956   15    9   12    8
 -1.131394605222909e-15   15    9   12   12
 0.01778219981543076   15    9   13    4
 -0.01863885264630029   15    9   13   11
 0.01778219981543071   15    9   14    3
 -0.01863885264630032   15    9   14   10
 -0.009611583449644202   15    9   15    1
 -0.02595119846676981   15    9   15    5
 0.01526948202410682   15    9   15    9
 0.009505519217411725   15   10    3    2
 0.002587421262677715   15   10    7    1
 -0.01517709902714017   15   10    7    5
 0.0007040480602454883   15   10    8    3
 0.001643257827236662   15   10    9    7
 0.005455100043800079   15   10   10    2
 -0.001554199826589419   15   10   10    8
 -0.00703810855479338   15   10   12    7
 0.005102829848431816   15   10   14    1
 0.001107645480757525   15   10   14    5
 -0.005369067214288105   15   10   14    9
 -0.01322648774915887   15   10   14   12
 0.001358130695945799   15   10   15    3
 0.01430711911758814   15   10   15   10
 0.009505519217411711   15   11    4    2
 0.002587421262677705   15   11    6    1
 -0.01517709902714014   15   11    6    5
 0.0007040480602451724   15   11    8    4
 0.001643257827236683   15   11    9    6
 0.005455100043800051   15   11   11    2
 -0.001554199826589662   15   11   11    8
 -0.007038108554793307   15   11   12    6
 0.005102829848431798   15   11   13    1
 0.00110764548075755   15   11   13    5
 -0.005369067214288157   15   11   13    9
 -0.01322648774915878   15   11   13   12
 0.001358130695945678   15   11   15    4
 0.01430711911758794   15   11   15   11
 -0.04996090325395382   15   12    2    1
 0.1357927899367712   15   12    5    2
 -0.08201004247759611   15   12    6    4
 -0.08201004247759577   15   12    7    3
 -0.02059654582977966   15   12    8    1
 -2.317532329473005e-15   15   12    8    2
 0.003318477505182974   15   12    8    5
 -4.106011529792555e-14   15   12    8    8
 0.002277617140656057   15   12    9    2
 -0.05832070062467813   15   12    9    8
 0.003287011176819778   15   12   10    7
 0.003287011176820042   15   12   11    6
 -0.05717531435574729   15   12   12    2
 -0.05053379034587899   15   12   12    8
 0.04180289722028999   15   12   13    4
 -0.07184524575975243   15   12   13   11
 0.04180289722029055   15   12   14    3
 -0.07184524575975268   15   12   14   10
 -0.01954298630850465   15   12   15    1
 -1.281028997532535e-15   15   12   15    2
 -0.07786190855927054   15   12   15    5
 -1.96326318936822e-14   15   12   15    8
 0.0156527909483459   15   12   15    9
 0.09632874831276966   15   12   15   12
 0.000968498365127483   15   13    4    1
 -0.01679015455513507   15   13    5    4
 0.02043065481296207   15   13    6    2
 -0.001345068725127694   15   13    8    6
 0.007739848014575815   15   13    9    4
 0.009574294866634147   15   13   11    1
 -0.002494910264132985   15   13   11    5
 0.0003535251268323321   15   13   11    9
 -0.005644852393867161   15   13   12    4
 -0.01971415496996629   15   13   12   11
 -0.0001405328141097346   15   13   13    2
 -0.008464790050999361   15   13   13    8
 0.004218831149605297   15   13   15    6
 0.01978211407170476   15   13   15   13
 0.0009684983651274776   15   14    3    1
 -0.01679015455513509   15   14    5    3
 0.02043065481296213   15   14    7    2
 -0.001345068725126995   15   14    8    7
 0.007739848014575803   15   14    9    3
 0.009574294866634173   15   14   10    1
 -0.002494910264133003   15   14   10    5
 0.0003535251268324005   15   14   10    9
 -0.005644852393867145   15   14   12    3
 -0.01971415496996643   15   14   12   10
 -0.0001405328141096013   15   14   14    2
 -0.008464790050998186   15   14   14    8
 0.004218831149605671   15   14   15    7
 0.01978211407170537   15   14   15   14
 0.5798431390792098   15   15    1    1
 0.5272396453429311   15   15    2    2
 0.5212779880541559   15   15    3    3
 0.5212779880541559   15   15    4    4
 0.03747690329592432   15   15    5    1
 0.5448631672839581   15   15    5    5
 0.4722721576891585   15   15    6    6
 0.4722721576891597   15   15    7    7
 1.679333965018989e-15   15   15    8    1
 0.07172426538113491   15   15    8    2
 -2.646466715473483e-15   15   15    8    5
 0.3439207941303831   15   15    8    8
 -0.03478019267433234   15   15    9    1
 -0.06758386658720074   15   15    9    5
 -7.617746037354964e-15   15   15    9    8
 0.3992914132796314   15   15    9    9
 -0.09692319580242051   15   15   10    3
 0.4326156721819726   15   15   10   10
 -0.09692319580242102   15   15   11    4
 0.4326156721819729   15   15   11   11
 0.04928941133519864   15   15   12    1
 -0.09658206651162697   15   15   12    5
 -1.434637203457396e-14   15   15   12    8
 -0.01107369543265252   15   15   12    9
 0.465027271391822   15   15   12   12
 -0.1204658840330938   15   15   13    6
 0.4598423726511738   15   15   13   13
 -0.1204658840330919   15   15   14    7
 0.4598423726511744   15   15   14   14
 1.424954170664543e-15   15   15   15    1
 -0.08060136377632073   15   15   15    2
 0.01017269798712126   15   15   15    8
 -5.853311255907002e-15   15   15   15    9
 -5.496100169402772e-15   15   15   15   12
 0.5427032589674102   15   15   15   15
 -0.0309738397607263   16    1    3    3
 0.03097383976072625   16    1    4    4
 0.01956104811745434   16    1    6    6
 -0.01956104811745436   16    1    7    7
 0.005876992540072641   16    1   10    3
 -0.01730118261816486   16    1   10   10
 -0.005876992540072627   16    1   11    4
 0.01730118261816483   16    1   11   11
 -0.007162780082947105   16    1   13    6
 0.01459641522906342   16    1   13   13
 0.007162780082947147   16    1   14    7
 -0.01459641522906338   16    1   14   14
 0.04067957011741901   16    1   16    1
 0.01590210145754183   16    2    6    4
 -0.01590210145754183   16    2    7    3
 0.0004919251784217265   16    2   10    7
 -0.0004919251784217106   16    2   11    6
 -0.007284898801467403   16    2   13    4
 0.009452224979670172   16    2   13   11
 0.007284898801467404   16    2   14    3
 -0.009452224979670106   16    2   14   10
 0.02188913207923737   16    2   16    2
 -0.07490488522194802   16    3    3    1
 0.01904536661882637   16    3    5    3
 -0.05328591944043571   16    3    7    2
 -0.02050019347361223   16    3    8    7
 -0.02418840020147424   16    3    9    3
 0.02334527931199144   16    3   10    1
 0.01446418030543407   16    3   10    5
 -0.01803429750258081   16    3   10    9
 0.007320056493294893   16    3   12    3
 0.04297558949127311   16    3   12   10
 0.01895192415530026   16    3   14    2
 0.02200092779934428   16    3   14    8
 -0.03200857811526473   16    3   15    7
 -0.007213012807631852   16    3   15   14
 0.07208388769479974   16    3   16    3
 0.07490488522194801   16    4    4    1
 -0.01904536661882637   16    4    5    4
 0.05328591944043571   16    4    6    2
 0.02050019347361221   16    4    8    6
 0.02418840020147424   16    4    9    4
 -0.02334527931199144   16    4   11    1
 -0.01446418030543407   16    4   11    5
 0.01803429750258081   16    4   11    9
 -0.007320056493294901   16    4   12    4
 -0.0429755894912731   16    4   12   11
 -0.01895192415530026   16    4   13    2
 -0.02200092779934437   16    4   13    8
 0.03200857811526468   16    4   15    6
 0.007213012807631772   16    4   15   13
 0.07208388769479973   16    4   16    4
 0.008809650595066085   16    5    3    3
 -0.008809650595066104   16    5    4    4
 -0.01240120976092517   16    5    6    6
 0.01240120976092512   16    5    7    7
 -1.032468292097775e-15   16    5    8    8
 0.001556941493587438   16    5   10    3
 0.006591094988770116   16    5   10   10
 -0.001556941493587418   16    5   11    4
 -0.006591094988770104   16    5   11   11
 0.001799666610259212   16    5   13    6
 -0.007935344966049885   16    5   13   13
 -0.001799666610259241   16    5   14    7
 0.00793534496604982   16    5   14   14
 -0.008527656218859106   16    5   16    1
 0.01237675617857486   16    5   16    5
 0.02990838620279929   16    6    4    2
 0.02400037925206975   16    6    6    1
 -0.02509710918896918   16    6    6    5
 0.01403859430337223   16    6    8    4
 0.00405961439438091   16    6    9    6
 -0.002682608216121851   16    6   11    2
 -0.00804749506083853   16    6   11    8
 0.001195985933320661   16    6   12    6
 -0.01424958712281599   16    6   13    1
 0.005466092262793458   16    6   13    5
 -0.004428003898186947   16    6   13    9
 -0.02173337891798388   16    6   13   12
 0.01470332097070061   16    6   15    4
 0.007165225538939196   16    6   15   11
 0.03294303126913083   16    6   16    6
 -0.02990838620279928   16    7    3    2
 -0.02400037925206975   16    7    7    1
 0.02509710918896918   16    7    7    5
 -0.01403859430337219   16    7    8    3
 -0.004059614394380903   16    7    9    7
 0.002682608216121837   16    7   10    2
 0.008047495060838416   16    7   10    8
 -0.001195985933320693   16    7   12    7
 0.01424958712281598   16    7   14    1
 -0.005466092262793463   16    7   14    5
 0.004428003898186969   16    7   14    9
 0.0217333789179838   16    7   14   12
 -0.01470332097070059   16    7   15    3
 -0.007165225538939214   16    7   15   10
 0.03294303126913081   16    7   16    7
 0.008217275386770174   16    8    6    4
 -0.008217275386770168   16    8    7    3
 2.196082697432096e-15   16    8    8    8
 0.001571291793773183   16    8   10    7
 -0.001571291793773171   16    8   11    6
 1.578946199002141e-15   16    8   12    8
 1.325764014481261e-15   16    8   12   12
 -0.004751382155908193   16    8   13    4
 0.004628671179198946   16    8   13   11
 0.004751382155908108   16    8   14    3
 -0.004628671179198617   16    8   14   10
 1.176323909728097e-15   16    8   15    8
 1.233523869307251e-15   16    8   15   12
 0.01049588278143147   16    8   16    2
 0.006395166580760682   16    8   16    8
 -0.01306266170627493   16    9    3    3
 0.01306266170627498   16    9    4    4
 0.008453804421672121   16    9    6    6
 -0.008453804421672073   16    9    7    7
 -1.072691306656021e-15   16    9    8    8
 -0.002153980623050564   16    9   10    3
 -0.008715936251454332   16    9   10   10
 0.002153980623050581   16    9   11    4
 0.008715936251454363   16    9   11   11
 -0.0009556834927422084   16    9   13    6
 0.005242541710655173   16    9   13   13
 0.000955683492742265   16    9   14    7
 -0.005242541710655081   16    9   14   14
 0.01651939371552229   16    9   16    1
 -0.005661074484093038   16    9   16    5
 0.01235691970359485   16    9   16    9
 0.01133760569668286   16   10    3    1
 0.002902275003372317   16   10    5    3
 0.00191522767250006   16   10    7    2
 0.004338147271466534   16   10    8    7
 -0.003045680302685031   16   10    9    3
 -0.01172279780459519   16   10   10    1
 0.002246998925502353   16   10   10    5
 -0.0017366736248637   16   10   10    9
 0.008689573465554821   16   10   12    3
 0.002808803924795386   16   10   12   10
 -0.008315413426437613   16   10   14    2
 -0.00266518580976135   16   10   14    8
 -0.002124686710288592   16   10   15    7
 -0.005776181828830457   16   10   15   14
 -0.005307795055252977   16   10   16    3
 0.009143631849315688   16   10   16   10
 -0.01133760569668286   16   11    4    1
 -0.002902275003372315   16   11    5    4
 -0.001915227672500065   16   11    6    2
 -0.004338147271466627   16   11    8    6
 0.003045680302685042   16   11    9    4
 0.01172279780459519   16   11   11    1
 -0.002246998925502358   16   11   11    5
 0.001736673624863688   16   11   11    9
 -0.008689573465554811   16   11   12    4
 -0.002808803924795402   16   11   12   11
 0.008315413426437622   16   11   13    2
 0.002665185809761497   16   11   13    8
 0.002124686710288546   16   11   15    6
 0.005776181828830526   16   11   15   13
 -0.005307795055252962   16   11   16    4
 0.009143631849315671   16   11   16   11
 0.004600099482886242   16   12    3    3
 -0.0046000994828863   16   12    4    4
 -0.002854607473542938   16   12    6    6
 0.00285460747354287   16   12    7    7
 -3.555562924817347e-15   16   12    8    8
 0.00577202715280918   16   12   10    3
 0.005629424842513826   16   12   10   10
 -0.005772027152809169   16   12   11    4
 -0.005629424842513896   16   12   11   11
 -0.005128225442753606   16   12   13    6
 -0.0007842339539408588   16   12   13   13
 0.005128225442753593   16   12   14    7
 0.0007842339539408378   16   12   14   14
 -1.642692434767081e-15   16   12   15    8
 -0.00658209162441117   16   12   16    1
 0.001434658197199153   16   12   16    5
 -0.00755020268344957   16   12   16    9
 0.009349228343550602   16   12   16   12
 -0.01299078048232222   16   13    4    2
 -0.01153705717847419   16   13    6    1
 0.007719826814299493   16   13    6    5
 -0.00791683824021675   16   13    8    4
 -0.002173177830205978   16   13    9    6
 0.006684864286661565   16   13   11    2
 0.004361748028503532   16   13   11    8
 -0.007350463951229736   16   13   12    6
 0.0107824910192045   16   13   13    1
 -0.005947990093281365   16   13   13    5
 0.000804692378258259   16   13   13    9
 0.007935132974710577   16   13   13   12
 -0.004243070833935266   16   13   15    4
 0.001839963610375446   16   13   15   11
 -0.01237549809828266   16   13   16    6
 0.009800771948163827   16   13   16   13
 0.01299078048232222   16   14    3    2
 0.01153705717847419   16   14    7    1
 -0.007719826814299497   16   14    7    5
 0.007916838240216674   16   14    8    3
 0.002173177830205982   16   14    9    7
 -0.006684864286661568   16   14   10    2
 -0.004361748028503508   16   14   10    8
 0.00735046395122974   16   14   12    7
 -0.01078249101920451   16   14   14    1
 0.005947990093281358   16   14   14    5
 -0.0008046923782582686   16   14   14    9
 -0.007935132974710631   16   14   14   12
 0.004243070833935237   16   14   15    3
 -0.001839963610375452   16   14   15   10
 -0.01237549809828268   16   14   16    7
 0.009800771948163848   16   14   16   14
 0.009771196679244682   16   15    6    4
 -0.009771196679244682   16   15    7    3
 1.444167251515402e-15   16   15    8    8
 -0.001473779264262387   16   15   10    7
 0.001473779264262511   16   15   11    6
 -0.002688006241842267   16   15   13    4
 0.006018592633399739   16   15   13   11
 0.00268800624184228   16   15   14    3
 -0.006018592633399583   16   15   14   10
 0.01200205249775004   16   15   16    2
 0.007427441624624315   16   15   16    8
 0.01296403984583453   16   15   16   15
 0.6256067486599513   16   16    1    1
 0.4906057632193752   16   16    2    2
 0.5612459242759995   16   16    3    3
 0.5612459242759995   16   16    4    4
 0.04716634060687625   16   16    5    1
 0.4958054253902475   16   16    5    5
 0.481726233623838   16   16    6    6
 0.4817262336238379   16   16    7    7
 0.07689668143979907   16   16    8    2
 0.3328607036001057   16   16    8    8
 -0.01728014003568139   16   16    9    1
 -0.07106003084569555   16   16    9    5
 0.4068847203989376   16   16    9    9
 -0.09338244091183742   16   16   10    3
 0.4463665659485021   16   16   10   10
 -0.09338244091183737   16   16   11    4
 0.4463665659485022   16   16   11   11
 0.03730068370990947   16   16   12    1
 -0.0527881488439273   16   16   12    5
 -0.04315311046613272   16   16   12    9
 0.4443210366959988   16   16   12   12
 -0.1156767224151638   16   16   13    6
 0.4524745012991304   16   16   13   13
 -0.1156767224151638   16   16   14    7
 0.4524745012991302   16   16   14   14
 -0.01565514210661207   16   16   15    2
 0.03314253497505149   16   16   15    8
 0.4993317896679267   16   16   15   15
 0.5718276827520176   16   16   16   16
 0.03097383976072627   17    1    4    3
 0.01956104811745435   17    1    7    6
 -0.005876992540072634   17    1   10    4
 -0.005876992540072634   17    1   11    3
 0.01730118261816483   17    1   11   10
 -0.00716278008294711   17    1   13    7
 -0.00716278008294711   17    1   14    6
 0.01459641522906344   17    1   14   13
 0.04067957011741903   17    1   17    1
 0.01590210145754181   17    2    6    3
 0.01590210145754181   17    2    7    4
 -0.0004919251784217213   17    2   10    6
 -0.0004919251784217213   17    2   11    7
 -0.007284898801467416   17    2   13    3
 0.009452224979670154   17    2   13   10
 -0.007284898801467416   17    2   14    4
 0.009452224979670154   17    2   14   11
 0.02188913207923738   17    2   17    2
 0.07490488522194805   17    3    4    1
 -0.01904536661882638   17    3    5    4
 0.05328591944043574   17    3    6    2
 0.02050019347361232   17    3    8    6
 0.02418840020147424   17    3    9    4
 -0.02334527931199144   17    3   11    1
 -0.01446418030543408   17    3   11    5
 0.01803429750258081   17    3   11    9
 -0.007320056493294904   17    3   12    4
 -0.04297558949127311   17    3   12   11
 -0.01895192415530025   17    3   13    2
 -0.02200092779934427   17    3   13    8
 0.0320085781152648   17    3   15    6
 0.007213012807631879   17    3   15   13
 0.04399239713516426   17    3   16    4
 -0.003385151012086378   17    3   16   11
 0.07208388769479979   17    3   17    3
 0.07490488522194803   17    4    3    1
 -0.01904536661882638   17    4    5    3
 0.05328591944043574   17    4    7    2
 0.02050019347361227   17    4    8    7
 0.02418840020147424   17    4    9    3
 -0.02334527931199144   17    4   10    1
 -0.01446418030543408   17    4   10    5
 0.01803429750258082   17    4   10    9
 -0.007320056493294904   17    4   12    3
 -0.04297558949127311   17    4   12   10
 -0.01895192415530026   17    4   14    2
 -0.02200092779934427   17    4   14    8
 0.03200857811526479   17    4   15    7
 0.007213012807631817   17    4   15   14
 -0.04399239713516425   17    4   16    3
 0.003385151012086386   17    4   16   10
 0.07208388769479979   17    4   17    4
 -0.008809650595066091   17    5    4    3
 -0.01240120976092515   17    5    7    6
 -0.001556941493587433   17    5   10    4
 -0.001556941493587434   17    5   11    3
 -0.006591094988770114   17    5   11   10
 0.001799666610259191   17    5   13    7
 0.001799666610259191   17    5   14    6
 -0.007935344966049947   17    5   14   13
 -0.008527656218859109   17    5   17    1
 0.01237675617857487   17    5   17    5
 0.0299083862027993   17    6    3    2
 0.02400037925206975   17    6    7    1
 -0.0250971091889692   17    6    7    5
 0.01403859430337228   17    6    8    3
 0.004059614394380897   17    6    9    7
 -0.002682608216121847   17    6   10    2
 -0.008047495060838425   17    6   10    8
 0.001195985933320632   17    6   12    7
 -0.014249587122816   17    6   14    1
 0.005466092262793452   17    6   14    5
 -0.004428003898186965   17    6   14    9
 -0.02173337891798392   17    6   14   12
 0.01470332097070062   17    6   15    3
 0.007165225538939244   17    6   15   10
 -0.01624857461746691   17    6   16    7
 0.006531183114856358   17    6   16   14
 0.03294303126913084   17    6   17    6
 0.02990838620279929   17    7    4    2
 0.02400037925206976   17    7    6    1
 -0.0250971091889692   17    7    6    5
 0.01403859430337222   17    7    8    4
 0.004059614394380903   17    7    9    6
 -0.002682608216121842   17    7   11    2
 -0.008047495060838366   17    7   11    8
 0.001195985933320634   17    7   12    6
 -0.01424958712281599   17    7   13    1
 0.005466092262793448   17    7   13    5
 -0.004428003898186979   17    7   13    9
 -0.0217333789179839   17    7   13   12
 0.0147033209707006   17    7   15    4
 0.007165225538939266   17    7   15   11
 0.01624857461746691   17    7   16    6
 -0.006531183114856367   17    7   16   13
 0.03294303126913085   17    7   17    7
 0.008217275386769984   17    8    6    3
 0.008217275386769984   17    8    7    4
 -0.001571291793772929   17    8   10    6
 -0.001571291793772929   17    8   11    7
 -0.004751382155908179   17    8   13    3
 0.004628671179198811   17    8   13   10
 -0.004751382155908177   17    8   14    4
 0.004628671179198809   17    8   14   11
 0.01049588278143148   17    8   17    2
 0.006395166580760752   17    8   17    8
 0.01306266170627497   17    9    4    3
 0.008453804421672097   17    9    7    6
 0.002153980623050576   17    9   10    4
 0.002153980623050576   17    9   11    3
 0.00871593625145442   17    9   11   10
 -0.0009556834927422293   17    9   13    7
 -0.000955683492742229   17    9   14    6
 0.005242541710655246   17    9   14   13
 0.01651939371552232   17    9   17    1
 -0.005661074484093068   17    9   17    5
 0.01235691970359486   17    9   17    9
 -0.01133760569668286   17   10    4    1
 -0.002902275003372316   17   10    5    4
 -0.001915227672500063   17   10    6    2
 -0.004338147271466598   17   10    8    6
 0.003045680302685035   17   10    9    4
 0.0117227978045952   17   10   11    1
 -0.00224699892550235   17   10   11    5
 0.001736673624863698   17   10   11    9
 -0.008689573465554816   17   10   12    4
 -0.002808803924795383   17   10   12   11
 0.008315413426437615   17   10   13    2
 0.002665185809761229   17   10   13    8
 0.002124686710288557   17   10   15    6
 0.005776181828830394   17   10   15   13
 -0.003385151012086374   17   10   16    4
 0.003730744431050949   17   10   16   11
 -0.005307795055252976   17   10   17    3
 0.009143631849315678   17   10   17   10
 -0.01133760569668286   17   11    3    1
 -0.002902275003372316   17   11    5    3
 -0.001915227672500067   17   11    7    2
 -0.004338147271466634   17   11    8    7
 0.003045680302685039   17   11    9    3
 0.01172279780459519   17   11   10    1
 -0.002246998925502347   17   11   10    5
 0.0017366736248637   17   11   10    9
 -0.008689573465554819   17   11   12    3
 -0.00280880392479537   17   11   12   10
 0.008315413426437612   17   11   14    2
 0.002665185809761229   17   11   14    8
 0.002124686710288543   17   11   15    7
 0.005776181828830387   17   11   15   14
 0.003385151012086377   17   11   16    3
 -0.003730744431050942   17   11   16   10
 -0.005307795055252973   17   11   17    4
 0.009143631849315678   17   11   17   11
 -0.004600099482886292   17   12    4    3
 -0.002854607473542983   17   12    7    6
 -0.005772027152809191   17   12   10    4
 -0.005772027152809191   17   12   11    3
 -0.005629424842513935   17   12   11   10
 -0.005128225442753694   17   12   13    7
 -0.005128225442753694   17   12   14    6
 -0.000784233953941095   17   12   14   13
 -0.00658209162441118   17   12   17    1
 0.001434658197199196   17   12   17    5
 -0.007550202683449593   17   12   17    9
 0.009349228343550755   17   12   17   12
 -0.01299078048232223   17   13    3    2
 -0.0115370571784742   17   13    7    1
 0.007719826814299495   17   13    7    5
 -0.007916838240216752   17   13    8    3
 -0.002173177830205985   17   13    9    7
 0.006684864286661554   17   13   10    2
 0.004361748028503432   17   13   10    8
 -0.007350463951229763   17   13   12    7
 0.01078249101920448   17   13   14    1
 -0.005947990093281347   17   13   14    5
 0.0008046923782582812   17   13   14    9
 0.007935132974710565   17   13   14   12
 -0.004243070833935279   17   13   15    3
 0.001839963610375434   17   13   15   10
 0.006531183114856353   17   13   16    7
 -0.004400775544712818   17   13   16   14
 -0.01237549809828268   17   13   17    6
 0.009800771948163841   17   13   17   13
 -0.01299078048232223   17   14    4    2
 -0.0115370571784742   17   14    6    1
 0.00771982681429949   17   14    6    5
 -0.007916838240216797   17   14    8    4
 -0.002173177830205991   17   14    9    6
 0.006684864286661561   17   14   11    2
 0.004361748028503414   17   14   11    8
 -0.007350463951229771   17   14   12    6
 0.01078249101920449   17   14   13    1
 -0.005947990093281351   17   14   13    5
 0.0008046923782582896   17   14   13    9
 0.007935132974710591   17   14   13   12
 -0.004243070833935308   17   14   15    4
 0.001839963610375426   17   14   15   11
 -0.006531183114856357   17   14   16    6
 0.004400775544712805   17   14   16   13
 -0.01237549809828268   17   14   17    7
 0.009800771948163834   17   14   17   14
 0.009771196679244646   17   15    6    3
 0.009771196679244646   17   15    7    4
 0.001473779264262568   17   15   10    6
 0.001473779264262568   17   15   11    7
 -0.002688006241842281   17   15   13    3
 0.006018592633399698   17   15   13   10
 -0.00268800624184228   17   15   14    4
 0.006018592633399696   17   15   14   11
 0.01200205249775007   17   15   17    2
 0.007427441624624553   17   15   17    8
 0.01296403984583474   17   15   17   15
 0.01207494564228101   17   16   17   16
 0.6256067486599517   17   17    1    1
 0.4906057632193757   17   17    2    2
 0.561245924276   17   17    3    3
 0.561245924276   17   17    4    4
 0.04716634060687634   17   17    5    1
 0.495805425390248   17   17    5    5
 0.4817262336238383   17   17    6    6
 0.4817262336238383   17   17    7    7
 0.07689668143979896   17   17    8    2
 0.3328607036001049   17   17    8    8
 -0.01728014003568144   17   17    9    1
 -0.07106003084569562   17   17    9    5
 0.4068847203989381   17   17    9    9
 -0.09338244091183748   17   17   10    3
 0.4463665659485024   17   17   10   10
 -0.09338244091183748   17   17   11    4
 0.4463665659485024   17   17   11   11
 0.03730068370990954   17   17   12    1
 -0.05278814884392737   17   17   12    5
 -0.04315311046613292   17   17   12    9
 0.4443210366959998   17   17   12   12
 -0.1156767224151641   17   17   13    6
 0.4524745012991301   17   17   13   13
 -0.1156767224151641   17   17   14    7
 0.4524745012991302   17   17   14   14
 -0.01565514210661243   17   17   15    2
 0.03314253497505099   17   17   15    8
 0.4993317896679272   17   17   15   15
 0.547677791467456   17   17   16   16
 0.5718276827520183   17   17   17   17
 -0.04003205821545006   18    1    2    1
 0.05142105784325134   18    1    5    2
 -0.06435274293004828   18    1    6    4
 -0.06435274293004822   18    1    7    3
 -0.03089041746659869   18    1    8    1
 0.00677910813734648   18    1    8    5
 -3.15390601633421e-15   18    1    8    8
 -0.007231887142537343   18    1    9    2
 -0.0114987460298325   18    1    9    8
 0.03402513268941049   18    1   10    7
 0.03402513268941032   18    1   11    6
 -0.03717618798371572   18    1   12    2
 -0.02291588500859611   18    1   12    8
 0.05865527954176591   18    1   13    4
 -0.05606013499664974   18    1   13   11
 0.05865527954176608   18    1   14    3
 -0.05606013499664982   18    1   14   10
 -0.04348643505134955   18    1   15    1
 -0.04482771048979518   18    1   15    5
 -3.535410231349806e-15   18    1   15    8
 0.01864986300748001   18    1   15    9
 0.02885910048242456   18    1   15   12
 -2.671275867691451e-15   18    1   15   15
 0.06771657718956196   18    1   18    1
 -0.0900622828425184   18    2    1    1
 -0.03193887973411228   18    2    2    2
 -0.06372210133963443   18    2    3    3
 -0.06372210133963457   18    2    4    4
 -0.02098661840821521   18    2    5    1
 -0.03446517395620474   18    2    5    5
 -0.03770590444827337   18    2    6    6
 -0.03770590444827298   18    2    7    7
 -0.02238657541939142   18    2    8    2
 -0.009642524058484094   18    2    8    8
 0.01189769226125412   18    2    9    1
 0.02480600226101404   18    2    9    5
 -0.02018044567762852   18    2    9    9
 0.03732200266069133   18    2   10    3
 -0.03650141319137643   18    2   10   10
 0.03732200266069122   18    2   11    4
 -0.03650141319137622   18    2   11   11
 -0.0173381221545565   18    2   12    1
 0.0144166544472801   18    2   12    5
 2.860554718140002e-15   18    2   12    8
 0.006262016629017981   18    2   12    9
 -0.02782061521617663   18    2   12   12
 0.03985461285475164   18    2   13    6
 -0.04439139353931663   18    2   13   13
 0.03985461285475209   18    2   14    7
 -0.04439139353931604   18    2   14   14
 0.001369872074672482   18    2   15    2
 -0.007132258941221422   18    2   15    8
 1.726713537200082e-15   18    2   15   12
 -0.03858724551260577   18    2   15   15
 -0.05195197317476594   18    2   16   16
 -0.0519519731747663   18    2   17   17
 0.02889087108141503   18    2   18    2
 -0.01812044345517072   18    3    3    2
 -0.02033263978540834   18    3    7    1
 0.0050875201585715   18    3    7    5
 -0.0136916929731301   18    3    8    3
 -0.002423803286034184   18    3    9    7
 0.01323611742209107   18    3   10    2
 0.007981916037771049   18    3   10    8
 -0.01314784478620219   18    3   12    7
 0.02198427849813037   18    3   14    1
 -0.006813686953730595   18    3   14    5
 -0.0008392800604645229   18    3   14    9
 0.01003360560196931   18    3   14   12
 -0.009865441925620494   18    3   15    3
 0.008678411321195905   18    3   15   10
 0.01338576507616518   18    3   16    7
 -0.01264333324838443   18    3   16   14
 -0.01338576507616509   18    3   17    6
 0.01264333324838434   18    3   17   13
 0.02694225411864709   18    3   18    3
 -0.01812044345517069   18    4    4    2
 -0.02033263978540835   18    4    6    1
 0.005087520158571479   18    4    6    5
 -0.0136916929731298   18    4    8    4
 -0.002423803286034178   18    4    9    6
 0.01323611742209101   18    4   11    2
 0.007981916037770327   18    4   11    8
 -0.01314784478620225   18    4   12    6
 0.02198427849813034   18    4   13    1
 -0.006813686953730582   18    4   13    5
 -0.0008392800604644417   18    4   13    9
 0.01003360560196929   18    4   13   12
 -0.009865441925620303   18    4   15    4
 0.00867841132119552   18    4   15   11
 -0.01338576507616513   18    4   16    6
 0.01264333324838436   18    4   16   13
 -0.0133857650761651   18    4   17    7
 0.0126433332483843   18    4   17   14
 0.02694225411864754   18    4   18    4
 -0.01389882563127729   18    5    2    1
 0.03600850124515214   18    5    5    2
 -0.02309933852427518   18    5    6    4
 -0.02309933852427513   18    5    7    3
 -0.006303362762797518   18    5    8    1
 -0.006821754271171864   18    5    8    5
 9.468185023920962e-15   18    5    8    8
 0.007141129559701659   18    5    9    2
 -0.01822178552239653   18    5    9    8
 1.48101520783363e-15   18    5    9    9
 -0.00400190956797693   18    5   10    7
 -0.004001909567976628   18    5   11    6
 -0.006540738468068254   18    5   12    2
 -0.01321728512363545   18    5   12    8
 -1.155444877677383e-15   18    5   12   12
 0.007743162646387348   18    5   13    4
 -0.02154462208635473   18    5   13   11
 0.007743162646387414   18    5   14    3
 -0.02154462208635505   18    5   14   10
 1.159133377627831e-15   18    5   14   14
 -0.01335369820054085   18    5   15    1
 -0.019379057699148   18    5   15    5
 3.049625290684669e-15   18    5   15    8
 0.004782307684317175   18    5   15    9
 0.02237260975549573   18    5   15   12
 0.01309662784206296   18    5   18    1
 0.01766099426167027   18    5   18    5
 -0.02644811756189646   18    6    4    1
 -0.003016905409797805   18    6    5    4
 -0.00702092795148963   18    6    6    2
 -0.01156754815371987   18    6    8    6
 0.0003214496824178678   18    6    9    4
 0.02182760490485671   18    6   11    1
 -0.004384017648809228   18    6   11    5
 -1.704840050769932e-15   18    6   11    8
 -0.001064914205587457   18    6   11    9
 -0.01409891201374547   18    6   12    4
 -0.0007194224439684339   18    6   12   11
 0.01816860831339892   18    6   13    2
 0.006290522414045138   18    6   13    8
 0.0002336047297820556   18    6   15    6
 0.01181688624620211   18    6   15   13
 -0.01369946782843566   18    6   16    4
 0.01126195348005485   18    6   16   11
 -0.01369946782843561   18    6   17    3
 0.01126195348005488   18    6   17   10
 -1.025680424332112e-15   18    6   18    4
 0.02434698062811657   18    6   18    6
 -0.02644811756189649   18    7    3    1
 -0.003016905409797814   18    7    5    3
 -0.007020927951489694   18    7    7    2
 -1.26779435583259e-15   18    7    8    3
 -0.01156754815372047   18    7    8    7
 0.0003214496824178127   18    7    9    3
 0.0218276049048568   18    7   10    1
 -0.004384017648809301   18    7   10    5
 -0.001064914205587465   18    7   10    9
 -0.0140989120137454   18    7   12    3
 -0.0007194224439685027   18    7   12   10
 0.01816860831339904   18    7   14    2
 0.006290522414046061   18    7   14    8
 0.0002336047297816848   18    7   15    7
 0.01181688624620243   18    7   15   14
 0.01369946782843573   18    7   16    3
 -0.01126195348005496   18    7   16   10
 -0.0136994678284356   18    7   17    4
 0.01126195348005486   18    7   17   11
 -1.482797258913439e-15   18    7   18    3
 0.02434698062811567   18    7   18    7
 -0.119901219189672   18    8    1    1
 1.12759925014282e-15   18    8    2    1
 -0.07132501709918115   18    8    2    2
 -0.09183813688287043   18    8    3    3
 -0.09183813688287182   18    8    4    4
 -0.02032197421963106   18    8    5    1
 -2.52549540997451e-15   18    8    5    2
 -0.07584163820197246   18    8    5    5
 -0.0679936032948919   18    8    6    6
 -2.747339013473194e-15   18    8    7    3
 -0.06799360329488707   18    8    7    7
 8.276933260378015e-15   18    8    8    1
 -0.0276295223160916   18    8    8    2
 4.615917369372529e-15   18    8    8    5
 -0.01084716780139569   18    8    8    8
 0.01378354013781474   18    8    9    1
 1.83088604305573e-15   18    8    9    2
 0.0273817210720047   18    8    9    5
 2.730994323600314e-15   18    8    9    8
 -0.03718081643067411   18    8    9    9
 0.0373990786626421   18    8   10    3
 1.340367272264006e-15   18    8   10    7
 -0.06095606843801189   18    8   10   10
 0.03739907866264161   18    8   11    4
 -0.06095606843801184   18    8   11   11
 -0.01848256955722266   18    8   12    1
 3.806508683613437e-15   18    8   12    2
 0.02173069071476145   18    8   12    5
 3.084562518198288e-14   18    8   12    8
 0.01157632074246502   18    8   12    9
 -0.05550236805055598   18    8   12   12
 1.920814131063397e-15   18    8   13    4
 0.04219284076241994   18    8   13    6
 4.273531572185136e-15   18    8   13   11
 -0.06745920538075167   18    8   13   13
 0.04219284076242246   18    8   14    7
 1.827358936243995e-15   18    8   14   10
 -0.06745920538075453   18    8   14   14
 6.909206708311738e-15   18    8   15    1
 0.01051144962732435   18    8   15    2
 3.182342348892904e-15   18    8   15    5
 -0.009130940762128947   18    8   15    8
 -1.123944851593202e-14   18    8   15    9
 1.36799401060023e-14   18    8   15   12
 -0.07665123104748359   18    8   15   15
 -1.253628399255594e-15   18    8   16    5
 3.665977079354163e-15   18    8   16    8
 -1.550751521626926e-15   18    8   16    9
 -6.416175099118962e-15   18    8   16   12
 -0.08201365035457055   18    8   16   16
 -0.08201365035457035   18    8   17   17
 1.57509224399911e-14   18    8   18    1
 0.01936849482021072   18    8   18    2
 0.0333172727398176   18    8   18    8
 0.003938710050888128   18    9    2    1
 -0.001973388607259337   18    9    5    2
 0.008177105223684918   18    9    6    4
 0.008177105223685038   18    9    7    3
 0.004210021317458772   18    9    8    1
 0.004549058669525235   18    9    8    5
 1.387443233457545e-14   18    9    8    8
 -0.001265026195020474   18    9    9    2
 0.0107279482730421   18    9    9    8
 1.77088568913116e-15   18    9    9    9
 -0.001711525264973826   18    9   10    7
 -0.001711525264973699   18    9   11    6
 -0.000950012823675091   18    9   12    2
 0.007088669184416251   18    9   12    8
 2.003051498489646e-15   18    9   12    9
 -4.037501993098924e-15   18    9   12   12
 -0.005420538481400208   18    9   13    4
 1.374384357122091e-15   18    9   13    6
 0.01144859404621697   18    9   13   11
 2.105355024509229e-15   18    9   13   13
 -0.005420538481400621   18    9   14    3
 1.346187975619848e-15   18    9   14    7
 0.01144859404621787   18    9   14   10
 1.502861173252342e-15   18    9   14   14
 0.01075674166911592   18    9   15    1
 0.003461406179140309   18    9   15    5
 4.671671743473651e-15   18    9   15    8
 -0.005018402729272623   18    9   15    9
 -0.00320825929001134   18    9   15   12
 1.16879589209832e-15   18    9   15   15
 -1.274172835893396e-15   18    9   16    8
 -0.01203248933654575   18    9   18    1
 -0.003292359943565025   18    9   18    5
 8.160168526600932e-15   18    9   18    8
 0.01020140836339891   18    9   18    9
 0.02786378666231843   18   10    3    2
 0.02563283142026592   18   10    7    1
 -0.0204323249676291   18   10    7    5
 0.01407824059052245   18   10    8    3
 0.001944377804093594   18   10    9    7
 -0.003019504067047752   18   10   10    2
 -0.009445564248519148   18   10   10    8
 -0.0001634735538853862   18   10   12    7
 -0.01767026239907532   18   10   14    1
 0.001039733966954318   18   10   14    5
 -0.001980694849510994   18   10   14    9
 -0.02487410143101366   18   10   14   12
 0.01746744698339306   18   10   15    3
 0.006164796800135337   18   10   15   10
 -0.02218807464335729   18   10   16    7
 0.009184384904530501   18   10   16   14
 0.02218807464335751   18   10   17    6
 -0.009184384904530687   18   10   17   13
 -0.01650812886406378   18   10   18    3
 -1.020112313030702e-15   18   10   18    7
 0.02925265734816566   18   10   18   10
 0.02786378666231839   18   11    4    2
 0.0256328314202659   18   11    6    1
 -0.02043232496762904   18   11    6    5
 0.01407824059052161   18   11    8    4
 0.001944377804093714   18   11    9    6
 -0.003019504067047817   18   11   11    2
 -0.009445564248519439   18   11   11    8
 -0.000163473553885394   18   11   12    6
 -0.01767026239907533   18   11   13    1
 0.001039733966954288   18   11   13    5
 -2.305770208499596e-15   18   11   13    8
 -0.001980694849511237   18   11   13    9
 -0.02487410143101369   18   11   13   12
 0.01746744698339278   18   11   15    4
 0.006164796800135095   18   11   15   11
 0.02218807464335726   18   11   16    6
 -0.009184384904530305   18   11   16   13
 0.02218807464335749   18   11   17    7
 -0.00918438490453076   18   11   17   14
 -0.01650812886406466   18   11   18    4
 0.02925265734816513   18   11   18   11
 -0.02920250843774884   18   12    2    1
 0.04974083829831273   18   12    5    2
 -0.04977804519563382   18   12    6    4
 -0.0497780451956332   18   12    7    3
 -0.01731222401421581   18   12    8    1
 0.004861285774780105   18   12    8    5
 -4.563990925111124e-14   18   12    8    8
 -0.003513060209985501   18   12    9    2
 -0.01698108676789605   18   12    9    8
 1.899412923455387e-15   18   12    9    9
 0.00716432897251936   18   12   10    7
 2.042764792921017e-15   18   12   10   10
 0.00716432897252026   18   12   11    6
 1.706594954209876e-15   18   12   11   11
 -0.02025078660329646   18   12   12    2
 -0.01809610581960393   18   12   12    8
 -1.90773183585365e-15   18   12   12   12
 0.02919555088565634   18   12   13    4
 -1.091891884819065e-15   18   12   13    6
 -0.04496863891003396   18   12   13   11
 0.02919555088565746   18   12   14    3
 -0.04496863891003604   18   12   14   10
 1.02028118156492e-15   18   12   14   14
 -0.02209439265329175   18   12   15    1
 -0.02218239794987276   18   12   15    5
 -3.101415219632501e-14   18   12   15    8
 0.006521513406849644   18   12   15    9
 0.03391486146168197   18   12   15   12
 -1.661533994946345e-14   18   12   15   15
 3.601802534917629e-15   18   12   16    8
 1.051794098018776e-15   18   12   16   15
 0.02940715078431544   18   12   18    1
 0.01035592945348694   18   12   18    5
 -7.796489739406549e-14   18   12   18    8
 -0.004016925463133319   18   12   18    9
 0.02750670621233504   18   12   18   12
 0.06114612580258597   18   13    4    1
 -0.01695519933487551   18   13    5    4
 0.04737206949347538   18   13    6    2
 0.0171459444664864   18   13    8    6
 0.01540762537833821   18   13    9    4
 -0.02245252905951815   18   13   11    1
 -0.01295398944401572   18   13   11    5
 -2.366012740614237e-15   18   13   11    8
 0.01504825444275261   18   13   11    9
 -0.002030867401616942   18   13   12    4
 -0.04152621009861509   18   13   12   11
 -0.0171339206819588   18   13   13    2
 -0.02178756598044141   18   13   13    8
 0.02813323948231716   18   13   15    6
 -1.180342420743452e-15   18   13   15   11
 0.008497161488648455   18   13   15   13
 0.0447553525580149   18   13   16    4
 -0.004708548591455388   18   13   16   11
 0.04475535255801511   18   13   17    3
 -0.004708548591455786   18   13   17   10
 -0.01245635326656601   18   13   18    6
 -3.598737721742962e-15   18   13   18   11
 0.04640361170119474   18   13   18   13
 0.06114612580258599   18   14    3    1
 -0.01695519933487555   18   14    5    3
 0.04737206949347558   18   14    7    2
 0.01714594446648877   18   14    8    7
 0.01540762537833806   18   14    9    3
 -0.02245252905951799   18   14   10    1
 -0.01295398944401593   18   14   10    5
 0.01504825444275258   18   14   10    9
 -0.00203086740161701   18   14   12    3
 -0.04152621009861529   18   14   12   10
 -0.01713392068195842   18   14   14    2
 -0.02178756598043845   18   14   14    8
 0.02813323948231812   18   14   15    7
 0.008497161488649714   18   14   15   14
 -0.04475535255801497   18   14   16    3
 0.004708548591455575   18   14   16   10
 0.04475535255801517   18   14   17    4
 -0.004708548591455721   18   14   17   11
 -0.01245635326656337   18   14   18    7
 -1.168182214599849e-15   18   14   18   10
 0.04640361170119844   18   14   18   14
 -0.1230570395462844   18   15    1    1
 -0.05498531720129965   18   15    2    2
 -0.07575171583968618   18   15    3    3
 -0.07575171583968654   18   15    4    4
 -0.03330687647238707   18   15    5    1
 -1.003584997256901e-15   18   15    5    2
 -0.06839012362300548   18   15    5    5
 -0.04717473746060834   18   15    6    6
 -1.276216565755101e-15   18   15    7    3
 -0.04717473746060664   18   15    7    7
 -0.01685041164143318   18   15    8    2
 -0.02451259846091301   18   15    8    8
 0.02551415269222759   18   15    9    1
 1.232635705945553e-15   18   15    9    2
 0.02340988808574364   18   15    9    5
 2.851228514402949e-15   18   15    9    8
 -0.03753729188449972   18   15    9    9
 0.04399679400989125   18   15   10    3
 -0.04288441473761299   18   15   10   10
 0.04399679400989055   18   15   11    4
 -0.04288441473761313   18   15   11   11
 -0.02226094386860285   18   15   12    1
 1.251253891636861e-15   18   15   12    2
 0.01864945757749715   18   15   12    5
 9.507010027437812e-15   18   15   12    8
 0.002807183964020718   18   15   12    9
 -0.03838402618108892   18   15   12   12
 0.04238720164517486   18   15   13    6
 2.224724143973625e-15   18   15   13   11
 -0.05090113339406077   18   15   13   13
 0.04238720164517719   18   15   14    7
 -0.05090113339406011   18   15   14   14
 2.234840802070533e-15   18   15   15    1
 0.01505906940979114   18   15   15    2
 -0.007898011750874076   18   15   15    8
 -7.017131836497989e-15   18   15   15    9
 5.953786167690601e-15   18   15   15   12
 -0.06424888089557439   18   15   15   15
 2.055893009171865e-15   18   15   16    8
 -2.959914832837237e-15   18   15   16   12
 -0.06147190550680322   18   15   16   16
 -0.06147190550680252   18   15   17   17
 3.527799239721067e-15   18   15   18    1
 0.02113910012645404   18   15   18    2
 -2.485104286568908e-15   18   15   18    5
 0.02333322077807418   18   15   18    8
 -7.570789950005401e-15   18   15   18    9
 2.207273742875868e-14   18   15   18   12
 0.0360332573938562   18   15   18   15
 -0.006527359366161123   18   16    6    4
 0.006527359366161111   18   16    7    3
 1.165390519444373e-15   18   16    8    5
 1.52065809599537e-15   18   16    8    8
 -0.006217847136159625   18   16   10    7
 0.006217847136159795   18   16   11    6
 1.871151020969526e-15   18   16   12   12
 0.008017062004228102   18   16   13    4
 -0.003722271608272567   18   16   13   11
 -0.008017062004228161   18   16   14    3
 0.003722271608272951   18   16   14   10
 -0.006740860891130291   18   16   16    2
 -0.00567205718831372   18   16   16    8
 -0.004634255065561618   18   16   16   15
 1.33943614379519e-15   18   16   18    5
 3.747039601554993e-15   18   16   18    8
 -1.237896350877677e-15   18   16   18    9
 2.773488537126462e-15   18   16   18   12
 1.945036615947773e-15   18   16   18   15
 0.0110082080843929   18   16   18   16
 -0.006527359366161251   18   17    6    3
 -0.006527359366161251   18   17    7    4
 0.006217847136160079   18   17   10    6
 0.006217847136160079   18   17   11    7
 0.008017062004228146   18   17   13    3
 -0.003722271608272605   18   17   13   10
 0.008017062004228146   18   17   14    4
 -0.003722271608272607   18   17   14   11
 -0.006740860891130249   18   17   17    2
 -0.005672057188312549   18   17   17    8
 -0.004634255065560791   18   17   17   15
 0.01100820808439527   18   17   18   17
 0.5766613227076026   18   18    1    1
 0.4552664632232732   18   18    2    2
 0.500632844452386   18   18    3    3
 0.5006328444523849   18   18    4    4
 0.05370556272880894   18   18    5    1
 -3.075304552837725e-15   18   18    5    2
 0.4703063191597331   18   18    5    5
 0.4405683198888349   18   18    6    6
 -3.853847063167261e-15   18   18    7    3
 0.4405683198888404   18   18    7    7
 7.886002903498191e-15   18   18    8    1
 0.05880807419932387   18   18    8    2
 -2.218160636358534e-15   18   18    8    5
 0.3314822483420984   18   18    8    8
 -0.03871750543061638   18   18    9    1
 2.218513505135021e-15   18   18    9    2
 -0.06119240119040692   18   18    9    5
 -5.679330774421008e-15   18   18    9    8
 0.3819834928514678   18   18    9    9
 -0.0949711010240568   18   18   10    3
 0.4165159470808215   18   18   10   10
 -0.09497110102405812   18   18   11    4
 0.4165159470808208   18   18   11   11
 0.04586960057946433   18   18   12    1
 5.313705047941341e-15   18   18   12    2
 -0.05039130596288806   18   18   12    5
 3.610496135272019e-14   18   18   12    8
 -0.02049355732909309   18   18   12    9
 0.4125242494874186   18   18   12   12
 1.761508966760369e-15   18   18   13    4
 -0.1065578081482323   18   18   13    6
 5.988910813703764e-15   18   18   13   11
 0.4327050493335668   18   18   13   13
 -1.039628405210487e-15   18   18   14    3
 -0.1065578081482278   18   18   14    7
 1.450265921483684e-15   18   18   14   10
 0.4327050493335637   18   18   14   14
 7.840519246613771e-15   18   18   15    1
 -0.02779299892363056   18   18   15    2
 1.485578870114855e-15   18   18   15    5
 0.02228666857015184   18   18   15    8
 -2.097757871827451e-14   18   18   15    9
 1.83178099425453e-14   18   18   15   12
 0.4670488680008929   18   18   15   15
 -1.793341941092072e-15   18   18   16    5
 7.681906074191462e-15   18   18   16    8
 -2.051864042505655e-15   18   18   16    9
 -8.60668567576123e-15   18   18   16   12
 1.590098325698405e-15   18   18   16   15
 0.478248968845641   18   18   16   16
 0.4782489688456422   18   18   17   17
 1.695102851504505e-14   18   18   18    1
 -0.04712686846512993   18   18   18    2
 -9.404446046258495e-15   18   18   18    5
 -0.07040606805281505   18   18   18    8
 -3.453529298614286e-14   18   18   18    9
 6.633265260829128e-14   18   18   18   12
 -0.06282828712229761   18   18   18   15
 9.544291206701823e-15   18   18   18   16
 0.4531472933595216   18   18   18   18
 0.05578387423212242   19    1    3    1
 0.01153068808294228   19    1    5    3
 0.009068192241949777   19    1    7    2
 0.009130683555448106   19    1    8    7
 0.009588688313650544   19    1    9    3
 -0.02606261062109866   19    1   10    1
 -0.01412533147620584   19    1   10    5
 0.01635655499881897   19    1   10    9
 -0.007376532160030846   19    1   12    3
 -0.01599802399634151   19    1   12   10
 -0.003548632628486786   19    1   14    2
 -0.005654331916762772   19    1   14    8
 0.01908436496448323   19    1   15    7
 -0.008024186371530731   19    1   15   14
 -0.03198259012738146   19    1   16    3
 0.006744495688049103   19    1   16   10
 0.03198259012738149   19    1   17    4
 -0.006744495688049101   19    1   17   11
 -0.01245484634494949   19    1   18    7
 0.02002328004319726   19    1   18   14
 0.04925888837642271   19    1   19    1
 -0.03685527325366297   19    2    3    2
 -0.02169784671835858   19    2    7    1
 0.04088912364249731   19    2    7    5
 -0.01154335063039101   19    2    8    3
 -0.0001158333756064152   19    2    9    7
 0.003525163680759014   19    2   10    2
 0.01118575534715333   19    2   10    8
 -0.008466069610836966   19    2   12    7
 0.01176240405868474   19    2   14    1
 -0.01466671808170224   19    2   14    5
 0.009919166295455945   19    2   14    9
 0.03012864479956689   19    2   14   12
 -0.001677241869874525   19    2   15    3
 -0.01256514899173873   19    2   15   10
 0.02509980003365894   19    2   16    7
 -0.009642944930532067   19    2   16   14
 -0.02509980003365896   19    2   17    6
 0.009642944930532049   19    2   17   13
 0.007361127822090813   19    2   18    3
 -0.01960769220373349   19    2   18   10
 0.04975967343185593   19    2   19    2
 0.078518295794024   19    3    1    1
 -0.03536162883127361   19    3    2    2
 0.03789200470659992   19    3    3    3
 0.02691708957299993   19    3    4    4
 0.03873566070169342   19    3    5    1
 -0.02359327829248417   19    3    5    5
 -0.005383059943364133   19    3    6    6
 -0.01011306302345705   19    3    7    7
 0.002643496327427727   19    3    8    2
 -0.01312639914284802   19    3    8    8
 -0.00737778035247267   19    3    9    1
 -0.01704112682184802   19    3    9    5
 0.0136371407186473   19    3    9    9
 -0.009453796760624253   19    3   10    3
 0.01896770769195324   19    3   10   10
 -0.00831392973129114   19    3   11    4
 0.01400040011492949   19    3   11   11
 -0.002407018585361479   19    3   12    1
 0.02615472292514988   19    3   12    5
 -0.02668519904392995   19    3   12    9
 -0.01050299693678303   19    3   12   12
 0.0003815685832294655   19    3   13    6
 -0.003700459469029153   19    3   13   13
 0.00306970129150529   19    3   14    7
 -0.007368122934395625   19    3   14   14
 0.03119632737441615   19    3   15    2
 0.01589933047584328   19    3   15    8
 -0.01065067485756728   19    3   15   15
 -0.0104677228259637   19    3   16    1
 -0.006335932435093874   19    3   16    5
 -0.004587350710231797   19    3   16    9
 0.005007957666450483   19    3   16   12
 0.03204016225385863   19    3   16   16
 0.03204016225385863   19    3   17   17
 -0.009942512035683582   19    3   18    2
 -0.005596803309216037   19    3   18    8
 -0.01309696797189715   19    3   18   15
 0.01448300475246334   19    3   18   18
 0.06602463449459856   19    3   19    3
 0.005487457566799993   19    4    4    3
 -0.002365001540046453   19    4    7    6
 -0.0005699335146665557   19    4   10    4
 -0.0005699335146665558   19    4   11    3
 0.002483653788511874   19    4   11   10
 0.001344066354137922   19    4   13    7
 0.001344066354137922   19    4   14    6
 -0.001833831732683247   19    4   14   13
 0.0104677228259637   19    4   17    1
 0.006335932435093874   19    4   17    5
 0.004587350710231802   19    4   17    9
 -0.00500795766645047   19    4   17   12
 0.01128059997801166   19    4   19    4
 0.05240742443995553   19    5    3    1
 -0.02738296148892333   19    5    5    3
 0.05862590283209659   19    5    7    2
 0.01357969747719335   19    5    8    7
 0.01061318824245894   19    5    9    3
 -0.01876092620829066   19    5   10    1
 -0.008528271035774982   19    5   10    5
 0.004441983150907291   19    5   10    9
 0.006451017437199761   19    5   12    3
 -0.03512347770776308   19    5   12   10
 -0.02331138426042644   19    5   14    2
 -0.02428182519658251   19    5   14    8
 0.01282186313393153   19    5   15    7
 0.01645017745199237   19    5   15   14
 -0.0411350764995481   19    5   16    3
 0.004196068987945152   19    5   16   10
 0.04113507649954811   19    5   17    4
 -0.004196068987945141   19    5   17   11
 -0.00682899272138613   19    5   18    7
 0.03482290105189039   19    5   18   14
 0.01053113319781033   19    5   19    1
 0.05916547901970705   19    5   19    5
 -0.006339283299809912   19    6    6    3
 -0.006339283299809913   19    6    7    4
 -2.489635417115186e-05   19    6   10    6
 -2.489635417115318e-05   19    6   11    7
 0.002950065289171239   19    6   13    3
 -0.0040603896957579   19    6   13   10
 0.002950065289171238   19    6   14    4
 -0.004060389695757902   19    6   14   11
 -0.009791307050610253   19    6   17    2
 -0.002912222706278427   19    6   17    8
 -0.00132875112966814   19    6   17   15
 0.00013506435796481   19    6   18   17
 0.007827550595289775   19    6   19    6
 -0.04570391683333017   19    7    2    1
 0.1159718638294726   19    7    5    2
 -0.0675104165487035   19    7    6    4
 -0.08018898314832335   19    7    7    3
 -0.01842404670385236   19    7    8    1
 0.001887540279437399   19    7    8    5
 0.005318622656120132   19    7    9    2
 -0.04851644035410478   19    7    9    8
 0.007108427671170037   19    7   10    7
 0.007158220379512333   19    7   11    6
 -0.04632986198109691   19    7   12    2
 -0.04369687312156387   19    7   12    8
 0.038205652224418   19    7   13    4
 -0.05614503042351224   19    7   13   11
 0.04410578280276046   19    7   14    3
 -0.064265809815028   19    7   14   10
 -0.01589347739031113   19    7   15    1
 -0.05736218271526403   19    7   15    5
 0.01246834031752697   19    7   15    9
 0.07014810822889316   19    7   15   12
 0.009791307050610243   19    7   16    2
 0.002912222706278353   19    7   16    8
 0.001328751129668108   19    7   16   15
 0.02711548812173242   19    7   18    1
 0.01741073451870851   19    7   18    5
 1.152710177111449e-15   19    7   18    8
 0.0002877327861012734   19    7   18    9
 0.02983993997605338   19    7   18   12
 -0.0001350643579648881   19    7   18   16
 0.07638297989650364   19    7   19    7
 -0.005763371197525894   19    8    3    2
 -0.002720533910437504   19    8    7    1
 0.005343269428056246   19    8    7    5
 -0.003160012155753337   19    8    8    3
 -0.002660408091721909   19    8    9    7
 0.003769826021600353   19    8   10    2
 0.0004705285620232784   19    8   10    8
 -0.005332549273700175   19    8   12    7
 0.002616077144801414   19    8   14    1
 -0.006171047112430782   19    8   14    5
 0.0002976624074832435   19    8   14    9
 0.004188335550494115   19    8   14   12
 0.002095168406648773   19    8   15    3
 -0.001636462297077629   19    8   15   10
 0.003341879612644458   19    8   16    7
 -0.00263967713191317   19    8   16   14
 -0.003341879612644458   19    8   17    6
 0.002639677131913032   19    8   17   13
 0.002607061987277436   19    8   18    3
 -0.001834420792286956   19    8   18   10
 1.280536145024031e-15   19    8   18   14
 0.00738905612970894   19    8   19    2
 0.004098778164392981   19    8   19    8
 0.01148871444324264   19    9    3    1
 -0.005763655143838258   19    9    5    3
 0.01047653739549288   19    9    7    2
 -6.297454034348916e-05   19    9    8    7
 0.009751784613005392   19    9    9    3
 0.003624253887381515   19    9   10    1
 -0.006059764969132519   19    9   10    5
 0.005741162381938845   19    9   10    9
 -0.01075266054990367   19    9   12    3
 -0.01255424987972364   19    9   12   10
 0.003123100697496851   19    9   14    2
 -0.004039273455565358   19    9   14    8
 0.009667490077076398   19    9   15    7
 0.004516828894681075   19    9   15   14
 -0.01239744922160123   19    9   16    3
 -0.003691082610876513   19    9   16   10
 0.01239744922160124   19    9   17    4
 0.0036910826108765   19    9   17   11
 0.004806752136079152   19    9   18    7
 0.006858473794219553   19    9   18   14
 0.005600593222571605   19    9   19    1
 0.005690321516821332   19    9   19    5
 0.01022382830898029   19    9   19    9
 -0.03079916168341872   19   10    1    1
 0.006134032071104746   19   10    2    2
 -0.008570255031880575   19   10    3    3
 -0.007224940311668031   19   10    4    4
 -0.01563386660082156   19   10    5    1
 -0.000454651347469849   19   10    5    5
 -0.000313248692098909   19   10    6    6
 0.0005061560826064643   19   10    7    7
 0.00494461840505541   19   10    8    2
 -0.004456730926334705   19   10    8    8
 0.009175893890096846   19   10    9    1
 0.0001712069120554001   19   10    9    5
 -0.006397864066759579   19   10    9    9
 0.004160244992167738   19   10   10    3
 -0.0004603948226696498   19   10   10   10
 0.002551579655246012   19   10   11    4
 -0.002139592727703478   19   10   11   11
 -0.001469802016357269   19   10   12    1
 -0.01251840561140742   19   10   12    5
 0.001841315747906275   19   10   12    9
 0.006215024754397266   19   10   12   12
 -0.003891864461473094   19   10   13    6
 0.002289017295846598   19   10   13   13
 -0.006331350846836892   19   10   14    7
 0.004849011882780763   19   10   14   14
 -0.01082326747785076   19   10   15    2
 -0.004311070940318156   19   10   15    8
 0.003316181938263129   19   10   15   15
 0.002794073312320564   19   10   16    1
 0.001641689268030982   19   10   16    5
 -0.001242746754874466   19   10   16    9
 -0.0004348877171295615   19   10   16   12
 -0.009358414631333255   19   10   16   16
 -0.009358414631333212   19   10   17   17
 -0.001854709343183988   19   10   18    2
 0.001070946548364208   19   10   18    8
 0.006417359202918966   19   10   18   15
 -0.00720477201360108   19   10   18   18
 -0.01823938632009586   19   10   19    3
 0.0150872266187418   19   10   19   10
 -0.0006726573601062773   19   11    4    3
 0.0004097023873526833   19   11    7    6
 0.0008043326684608576   19   11   10    4
 0.0008043326684608577   19   11   11    3
 0.0008395989525168883   19   11   11   10
 -0.00121974319268189   19   11   13    7
 -0.00121974319268189   19   11   14    6
 0.001279997293467133   19   11   14   13
 -0.002794073312320568   19   11   17    1
 -0.001641689268030996   19   11   17    5
 0.001242746754874467   19   11   17    9
 0.0004348877171295059   19   11   17   12
 -0.002704459416674142   19   11   19    4
 0.00281883593228134   19   11   19   11
 -0.02434504663982553   19   12    3    1
 0.01605187173359195   19   12    5    3
 -0.02736628514785632   19   12    7    2
 -0.0108224937252799   19   12    8    7
 -0.01271887864987352   19   12    9    3
 0.005473608741043114   19   12   10    1
 -0.001117299512796285   19   12   10    5
 -0.006126148309029096   19   12   10    9
 -0.002515147514422417   19   12   12    3
 0.01972960061815388   19   12   12   10
 0.01615442745880342   19   12   14    2
 0.009914290323075978   19   12   14    8
 -0.00336326264016078   19   12   15    7
 -0.00980805823418795   19   12   15   14
 0.02169464902032958   19   12   16    3
 -0.001572285342178448   19   12   16   10
 -0.02169464902032958   19   12   17    4
 0.001572285342178445   19   12   17   11
 0.006143661678883069   19   12   18    7
 -0.0171561196267535   19   12   18   14
 -0.003216458209993427   19   12   19    1
 -0.02468121287292221   19   12   19    5
 -0.004441817516381755   19   12   19    9
 0.01938768010862938   19   12   19   12
 0.003273477144491023   19   13    6    3
 0.003273477144491022   19   13    7    4
 -0.001838177118262613   19   13   10    6
 -0.001838177118262614   19   13   11    7
 -0.003108429535382052   19   13   13    3
 0.002362306153131642   19   13   13   10
 -0.003108429535382053   19   13   14    4
 0.002362306153131639   19   13   14   11
 0.004372648446607734   19   13   17    2
 0.001963166097210722   19   13   17    8
 -0.0005787461383319374   19   13   17   15
 -0.001567861447349387   19   13   18   17
 -0.003686627558014226   19   13   19    6
 0.003375517736995771   19   13   19   13
 0.02596133075046705   19   14    2    1
 -0.06161867114312655   19   14    5    2
 0.03866649204598262   19   14    6    4
 0.04521344633496469   19   14    7    3
 0.01322842802951551   19   14    8    1
 -0.009552193565087096   19   14    8    5
 0.004897378583999201   19   14    9    2
 0.01602977654279848   19   14    9    8
 -0.01695691409309385   19   14   10    7
 -0.01328055985656864   19   14   11    6
 0.03726208496115727   19   14   12    2
 0.0210859452969215   19   14   12    8
 -0.0296793460924425   19   14   13    4
 0.0329707279238601   19   14   13   11
 -0.03589620516320664   19   14   14    3
 0.03769534023012357   19   14   14   10
 0.009164177338231503   19   14   15    1
 0.04070581839143655   19   14   15    5
 -0.00954073875959908   19   14   15    9
 -0.0396726484707026   19   14   15   12
 -0.004372648446607736   19   14   16    2
 -0.001963166097210774   19   14   16    8
 0.000578746138331924   19   14   16   15
 -0.02126368943726044   19   14   18    1
 -0.003699575668707894   19   14   18    5
 -1.295754171855494e-15   19   14   18    8
 0.0004352249359853934   19   14   18    9
 -0.01756105335943578   19   14   18   12
 0.00156786144734936   19   14   18   16
 -2.339726338011106e-15   19   14   18   18
 -0.03970437704712867   19   14   19    7
 0.02980196809615765   19   14   19   14
 0.01520518214180692   19   15    3    2
 0.01046062672872375   19   15    7    1
 -0.01331999084752094   19   15    7    5
 0.007034964895584545   19   15    8    3
 0.001826045020496725   19   15    9    7
 -0.006186717052817073   19   15   10    2
 -0.004658344338196899   19   15   10    8
 0.008836190626054329   19   15   12    7
 -0.008781145342182771   19   15   14    1
 0.009252563866567465   19   15   14    5
 -0.002235568434616707   19   15   14    9
 -0.01217625237495731   19   15   14   12
 -0.0004068742020041806   19   15   15    3
 0.002278753176654031   19   15   15   10
 -0.008941164709590652   19   15   16    7
 0.006051038948988265   19   15   16   14
 0.008941164709590636   19   15   17    6
 -0.006051038948988319   19   15   17   13
 -0.00876733215273443   19   15   18    3
 0.00871939239740847   19   15   18   10
 -0.01809425080315326   19   15   19    2
 -0.002843277408386101   19   15   19    8
 0.01463300413873517   19   15   19   15
 -0.01972223137873108   19   16    3    1
 -0.01188851237162071   19   16    5    3
 0.008278645887674565   19   16    7    2
 -0.002123878275240991   19   16    8    7
 -0.005607103932190454   19   16    9    3
 0.008832540939764695   19   16   10    1
 0.005110310909617447   19   16   10    5
 -0.008606758915577802   19   16   10    9
 0.006982222506858495   19   16   12    3
 0.001870242957521302   19   16   12   10
 -0.002936211680231941   19   16   14    2
 -0.002396666179797279   19   16   14    8
 -0.007154126978197662   19   16   15    7
 0.007352356739194908   19   16   15   14
 0.01310244671910944   19   16   16    3
 -0.003202063730059744   19   16   16   10
 -0.00659227802713023   19   16   17    4
 0.001701313596328947   19   16   17   11
 0.005348422995184797   19   16   18    7
 -0.00297789322941798   19   16   18   14
 -0.02603604444890113   19   16   19    1
 0.008114641147456128   19   16   19    5
 -0.004189368094659936   19   16   19    9
 -0.001556308866090213   19   16   19   12
 0.02670351306522461   19   16   19   16
 0.01972223137873108   19   17    4    1
 0.01188851237162071   19   17    5    4
 -0.008278645887674565   19   17    6    2
 0.002123878275240991   19   17    8    6
 0.005607103932190455   19   17    9    4
 -0.008832540939764696   19   17   11    1
 -0.005110310909617445   19   17   11    5
 0.008606758915577807   19   17   11    9
 -0.00698222250685849   19   17   12    4
 -0.001870242957521306   19   17   12   11
 0.002936211680231944   19   17   13    2
 0.002396666179797174   19   17   13    8
 0.007154126978197652   19   17   15    6
 -0.007352356739194949   19   17   15   13
 0.00659227802713023   19   17   16    4
 -0.001701313596328941   19   17   16   11
 0.01310244671910945   19   17   17    3
 -0.003202063730059746   19   17   17   10
 -0.005348422995184832   19   17   18    6
 0.002977893229417859   19   17   18   13
 0.02670351306522462   19   17   19   17
 -0.003816355647658441   19   18    3    2
 -0.004429971679399312   19   18    7    1
 0.004102917152064794   19   18    7    5
 -0.0004161785753536483   19   18    8    3
 0.002802503442688845   19   18    9    7
 -0.003531928561200406   19   18   10    2
 0.002087879805147266   19   18   10    8
 0.004124710710055373   19   18   12    7
 0.001685831194179019   19   18   14    1
 0.004186348732225043   19   18   14    5
 0.00105639096495259   19   18   14    9
 0.00239279137176609   19   18   14   12
 -0.005103506063838892   19   18   15    3
 -0.0001037301681781898   19   18   15   10
 0.004022026975133915   19   18   16    7
 0.0001018100631639959   19   18   16   14
 -0.004022026975133963   19   18   17    6
 -0.00010181006316422   19   18   17   13
 0.0004700261748605807   19   18   18    3
 -0.004411857251846593   19   18   18   10
 1.108567007886205e-15   19   18   18   14
 0.004322843882613412   19   18   19    2
 -0.003066421210958333   19   18   19    8
 -0.00234933669836115   19   18   19   15
 0.007269045613614211   19   18   19   18
 0.6280152388822899   19   19    1    1
 0.5297706137359204   19   19    2    2
 0.5759819082334912   19   19    3    3
 0.5341960796371296   19   19    4    4
 0.04704409368913917   19   19    5    1
 0.5441084928317486   19   19    5    5
 0.4721635446253117   19   19    6    6
 0.5046890113407686   19   19    7    7
 0.07244299806593926   19   19    8    2
 0.3506915184189208   19   19    8    8
 -0.03232687323434386   19   19    9    1
 -0.06548138596394677   19   19    9    5
 0.412415400868448   19   19    9    9
 -0.1069894592380784   19   19   10    3
 0.4557064572482163   19   19   10   10
 -0.1001885599317223   19   19   11    4
 0.4318394685447779   19   19   11   11
 0.04916410659888905   19   19   12    1
 -0.07870819293375657   19   19   12    5
 -0.02266326098274279   19   19   12    9
 0.4618887870160883   19   19   12   12
 -0.1193601316850037   19   19   13    6
 0.4521623349504081   19   19   13   13
 -0.1295051976032778   19   19   14    7
 0.4752477388628852   19   19   14   14
 -0.05540497882822922   19   19   15    2
 0.01987196861765463   19   19   15    8
 0.5273161795763124   19   19   15   15
 -0.02642951293024385   19   19   16    1
 0.01049964419979418   19   19   16    5
 -0.00971800203311541   19   19   16    9
 0.002692958061703981   19   19   16   12
 0.541898405569385   19   19   16   16
 0.5418984055693854   19   19   17   17
 -0.04432976182091567   19   19   18    2
 -0.08269818869695562   19   19   18    8
 -0.06830620540091627   19   19   18   15
 0.4823090134570764   19   19   18   18
 0.01367416496318844   19   19   19    3
 -0.01109288211041352   19   19   19   10
 0.5929408532658079   19   19   19   19
 0.05578387423212242   20    1    4    1
 0.01153068808294228   20    1    5    4
 0.009068192241949779   20    1    6    2
 0.009130683555448013   20    1    8    6
 0.009588688313650543   20    1    9    4
 -0.02606261062109865   20    1   11    1
 -0.01412533147620583   20    1   11    5
 0.01635655499881896   20    1   11    9
 -0.007376532160030842   20    1   12    4
 -0.01599802399634149   20    1   12   11
 -0.00354863262848679   20    1   13    2
 -0.005654331916762843   20    1   13    8
 0.01908436496448322   20    1   15    6
 -0.008024186371530779   20    1   15   13
 0.03198259012738147   20    1   16    4
 -0.006744495688049103   20    1   16   11
 0.03198259012738148   20    1   17    3
 -0.006744495688049106   20    1   17   10
 -0.01245484634494955   20    1   18    6
 0.02002328004319714   20    1   18   13
 0.02603604444890114   20    1   19   17
 0.04925888837642271   20    1   20    1
 -0.03685527325366297   20    2    4    2
 -0.02169784671835859   20    2    6    1
 0.04088912364249731   20    2    6    5
 -0.01154335063039107   20    2    8    4
 -0.0001158333756064013   20    2    9    6
 0.003525163680759018   20    2   11    2
 0.01118575534715334   20    2   11    8
 -0.00846606961083699   20    2   12    6
 0.01176240405868474   20    2   13    1
 -0.01466671808170224   20    2   13    5
 0.009919166295455946   20    2   13    9
 0.03012864479956692   20    2   13   12
 -0.001677241869874535   20    2   15    4
 -0.01256514899173873   20    2   15   11
 -0.02509980003365894   20    2   16    6
 0.009642944930532079   20    2   16   13
 -0.02509980003365896   20    2   17    7
 0.00964294493053207   20    2   17   14
 0.007361127822090775   20    2   18    4
 -0.01960769220373354   20    2   18   11
 0.04975967343185594   20    2   20    2
 0.005487457566799993   20    3    4    3
 -0.002365001540046454   20    3    7    6
 -0.0005699335146665557   20    3   10    4
 -0.0005699335146665557   20    3   11    3
 0.002483653788511874   20    3   11   10
 0.001344066354137921   20    3   13    7
 0.001344066354137921   20    3   14    6
 -0.001833831732683249   20    3   14   13
 0.0104677228259637   20    3   17    1
 0.006335932435093874   20    3   17    5
 0.004587350710231801   20    3   17    9
 -0.005007957666450469   20    3   17   12
 0.01128059997801166   20    3   19    4
 -0.00270445941667414   20    3   19   11
 0.01128059997801166   20    3   20    3
 0.07851829579402403   20    4    1    1
 -0.03536162883127361   20    4    2    2
 0.02691708957299994   20    4    3    3
 0.03789200470659993   20    4    4    4
 0.03873566070169342   20    4    5    1
 -0.02359327829248417   20    4    5    5
 -0.01011306302345703   20    4    6    6
 -0.00538305994336409   20    4    7    7
 0.002643496327427696   20    4    8    2
 -0.01312639914284762   20    4    8    8
 -0.007377780352472652   20    4    9    1
 -0.01704112682184801   20    4    9    5
 0.01363714071864728   20    4    9    9
 -0.008313929731291143   20    4   10    3
 0.0140004001149295   20    4   10   10
 -0.009453796760624245   20    4   11    4
 0.01896770769195323   20    4   11   11
 -0.002407018585361497   20    4   12    1
 0.02615472292514989   20    4   12    5
 -0.02668519904392991   20    4   12    9
 -0.01050299693678304   20    4   12   12
 0.003069701291505302   20    4   13    6
 -0.007368122934395652   20    4   13   13
 0.0003815685832295169   20    4   14    7
 -0.003700459469029029   20    4   14   14
 0.03119632737441616   20    4   15    2
 0.01589933047584348   20    4   15    8
 -0.0106506748575672   20    4   15   15
 0.01046772282596369   20    4   16    1
 0.006335932435093871   20    4   16    5
 0.004587350710231813   20    4   16    9
 -0.005007957666450472   20    4   16   12
 0.03204016225385865   20    4   16   16
 0.03204016225385865   20    4   17   17
 -0.00994251203568359   20    4   18    2
 -0.005596803309214903   20    4   18    8
 -0.01309696797189659   20    4   18   15
 0.01448300475246494   20    4   18   18
 0.04346343453857523   20    4   19    3
 -0.01283046748674757   20    4   19   10
 0.008067467099432648   20    4   19   19
 0.06602463449459856   20    4   20    4
 0.05240742443995554   20    5    4    1
 -0.02738296148892334   20    5    5    4
 0.0586259028320966   20    5    6    2
 0.01357969747719333   20    5    8    6
 0.01061318824245893   20    5    9    4
 -0.01876092620829067   20    5   11    1
 -0.008528271035774977   20    5   11    5
 0.004441983150907305   20    5   11    9
 0.006451017437199779   20    5   12    4
 -0.03512347770776309   20    5   12   11
 -0.02331138426042645   20    5   13    2
 -0.02428182519658264   20    5   13    8
 0.01282186313393152   20    5   15    6
 0.01645017745199232   20    5   15   13
 0.0411350764995481   20    5   16    4
 -0.004196068987945153   20    5   16   11
 0.0411350764995481   20    5   17    3
 -0.004196068987945154   20    5   17   10
 -0.006828992721386171   20    5   18    6
 0.0348229010518902   20    5   18   13
 -0.008114641147456126   20    5   19   17
 0.01053113319781033   20    5   20    1
 0.05916547901970707   20    5   20    5
 -0.04570391683333017   20    6    2    1
 0.1159718638294727   20    6    5    2
 -0.08018898314832332   20    6    6    4
 -0.06751041654870349   20    6    7    3
 -0.01842404670385239   20    6    8    1
 0.001887540279437457   20    6    8    5
 0.005318622656120112   20    6    9    2
 -0.04851644035410481   20    6    9    8
 0.007158220379512331   20    6   10    7
 0.007108427671170018   20    6   11    6
 -0.04632986198109693   20    6   12    2
 -0.04369687312156371   20    6   12    8
 0.04410578280276044   20    6   13    4
 -0.06426580981502797   20    6   13   11
 0.03820565222441799   20    6   14    3
 -0.0561450304235122   20    6   14   10
 -0.01589347739031113   20    6   15    1
 -0.05736218271526399   20    6   15    5
 0.012468340317527   20    6   15    9
 0.07014810822889327   20    6   15   12
 -0.009791307050610246   20    6   16    2
 -0.002912222706278552   20    6   16    8
 -0.00132875112966817   20    6   16   15
 0.02711548812173238   20    6   18    1
 0.01741073451870859   20    6   18    5
 0.000287732786101412   20    6   18    9
 0.02983993997605368   20    6   18   12
 0.0001350643579646735   20    6   18   16
 0.06072787870592408   20    6   19    7
 -0.03233112193110022   20    6   19   14
 0.07638297989650361   20    6   20    6
 -0.006339283299809913   20    7    6    3
 -0.006339283299809912   20    7    7    4
 -2.489635417115295e-05   20    7   10    6
 -2.489635417115218e-05   20    7   11    7
 0.002950065289171238   20    7   13    3
 -0.004060389695757902   20    7   13   10
 0.002950065289171239   20    7   14    4
 -0.004060389695757901   20    7   14   11
 -0.009791307050610253   20    7   17    2
 -0.002912222706278427   20    7   17    8
 -0.001328751129668139   20    7   17   15
 0.0001350643579648101   20    7   18   17
 0.007827550595289777   20    7   19    6
 -0.003686627558014226   20    7   19   13
 0.007827550595289775   20    7   20    7
 -0.005763371197525908   20    8    4    2
 -0.002720533910437482   20    8    6    1
 0.005343269428056249   20    8    6    5
 -0.003160012155753426   20    8    8    4
 -0.002660408091721923   20    8    9    6
 0.003769826021600352   20    8   11    2
 0.0004705285620233809   20    8   11    8
 -0.005332549273700145   20    8   12    6
 0.002616077144801441   20    8   13    1
 -0.006171047112430823   20    8   13    5
 0.0002976624074830135   20    8   13    9
 0.004188335550494126   20    8   13   12
 0.002095168406648775   20    8   15    4
 -0.001636462297077675   20    8   15   11
 -0.003341879612644468   20    8   16    6
 0.002639677131913193   20    8   16   13
 -0.003341879612644425   20    8   17    7
 0.002639677131913081   20    8   17   14
 0.002607061987277366   20    8   18    4
 1.160101802568774e-15   20    8   18    6
 -0.001834420792287015   20    8   18   11
 1.270920645295724e-15   20    8   18   13
 0.007389056129708952   20    8   20    2
 0.004098778164393067   20    8   20    8
 0.01148871444324264   20    9    4    1
 -0.005763655143838259   20    9    5    4
 0.01047653739549287   20    9    6    2
 -6.297454034359369e-05   20    9    8    6
 0.009751784613005389   20    9    9    4
 0.003624253887381507   20    9   11    1
 -0.006059764969132519   20    9   11    5
 0.00574116238193885   20    9   11    9
 -0.01075266054990367   20    9   12    4
 -0.01255424987972365   20    9   12   11
 0.003123100697496834   20    9   13    2
 -0.004039273455565505   20    9   13    8
 0.009667490077076336   20    9   15    6
 0.00451682889468103   20    9   15   13
 0.01239744922160124   20    9   16    4
 0.003691082610876509   20    9   16   11
 0.01239744922160124   20    9   17    3
 0.003691082610876513   20    9   17   10
 0.00480675213607904   20    9   18    6
 0.006858473794219448   20    9   18   13
 0.004189368094659935   20    9   19   17
 0.005600593222571605   20    9   20    1
 0.00569032151682134   20    9   20    5
 0.01022382830898029   20    9   20    9
 -0.0006726573601062772   20   10    4    3
 0.0004097023873526828   20   10    7    6
 0.0008043326684608577   20   10   10    4
 0.0008043326684608577   20   10   11    3
 0.0008395989525168885   20   10   11   10
 -0.001219743192681891   20   10   13    7
 -0.001219743192681891   20   10   14    6
 0.001279997293467132   20   10   14   13
 -0.002794073312320567   20   10   17    1
 -0.001641689268030996   20   10   17    5
 0.001242746754874468   20   10   17    9
 0.0004348877171295052   20   10   17   12
 -0.002704459416674141   20   10   19    4
 0.00281883593228134   20   10   19   11
 -0.002704459416674141   20   10   20    3
 0.002818835932281341   20   10   20   10
 -0.03079916168341873   20   11    1    1
 0.006134032071104735   20   11    2    2
 -0.007224940311668033   20   11    3    3
 -0.008570255031880586   20   11    4    4
 -0.01563386660082157   20   11    5    1
 -0.0004546513474698468   20   11    5    5
 0.0005061560826064486   20   11    6    6
 -0.0003132486920989281   20   11    7    7
 0.004944618405055433   20   11    8    2
 -0.004456730926334951   20   11    8    8
 0.009175893890096831   20   11    9    1
 0.0001712069120554002   20   11    9    5
 -0.006397864066759563   20   11    9    9
 0.002551579655246022   20   11   10    3
 -0.002139592727703477   20   11   10   10
 0.004160244992167731   20   11   11    4
 -0.0004603948226696787   20   11   11   11
 -0.001469802016357277   20   11   12    1
 -0.01251840561140743   20   11   12    5
 0.001841315747906232   20   11   12    9
 0.006215024754397163   20   11   12   12
 -0.006331350846836887   20   11   13    6
 0.004849011882780819   20   11   13   13
 -0.003891864461473139   20   11   14    7
 0.002289017295846454   20   11   14   14
 -0.01082326747785076   20   11   15    2
 -0.004311070940318399   20   11   15    8
 0.003316181938262992   20   11   15   15
 -0.002794073312320557   20   11   16    1
 -0.001641689268030998   20   11   16    5
 0.001242746754874423   20   11   16    9
 0.0004348877171295201   20   11   16   12
 -0.009358414631333262   20   11   16   16
 -0.009358414631333254   20   11   17   17
 -0.001854709343183969   20   11   18    2
 0.001070946548363715   20   11   18    8
 0.006417359202918603   20   11   18   15
 -0.007204772013602022   20   11   18   18
 -0.01283046748674756   20   11   19    3
 0.009449554754179107   20   11   19   10
 -0.007496380223743312   20   11   19   19
 -0.01823938632009587   20   11   20    4
 0.0150872266187418   20   11   20   11
 -0.02434504663982553   20   12    4    1
 0.01605187173359195   20   12    5    4
 -0.02736628514785633   20   12    6    2
 -0.01082249372527996   20   12    8    6
 -0.01271887864987352   20   12    9    4
 0.005473608741043115   20   12   11    1
 -0.001117299512796292   20   12   11    5
 -0.006126148309029096   20   12   11    9
 -0.002515147514422446   20   12   12    4
 0.01972960061815389   20   12   12   11
 0.01615442745880341   20   12   13    2
 0.009914290323075906   20   12   13    8
 -0.003363262640160763   20   12   15    6
 -0.00980805823418796   20   12   15   13
 -0.02169464902032957   20   12   16    4
 0.001572285342178435   20   12   16   11
 -0.02169464902032959   20   12   17    3
 0.001572285342178455   20   12   17   10
 0.00614366167888305   20   12   18    6
 -0.0171561196267536   20   12   18   13
 0.001556308866090217   20   12   19   17
 -0.003216458209993429   20   12   20    1
 -0.02468121287292221   20   12   20    5
 -0.004441817516381764   20   12   20    9
 0.01938768010862941   20   12   20   12
 0.02596133075046705   20   13    2    1
 -0.06161867114312657   20   13    5    2
 0.04521344633496471   20   13    6    4
 0.03866649204598263   20   13    7    3
 0.01322842802951564   20   13    8    1
 -0.009552193565086962   20   13    8    5
 -1.604134880201319e-15   20   13    8    8
 0.004897378583999173   20   13    9    2
 0.01602977654279816   20   13    9    8
 -0.01328055985656866   20   13   10    7
 -0.01695691409309385   20   13   11    6
 0.03726208496115723   20   13   12    2
 0.02108594529692193   20   13   12    8
 -0.03589620516320666   20   13   13    4
 0.03769534023012366   20   13   13   11
 -0.0296793460924425   20   13   14    3
 0.03297072792386008   20   13   14   10
 0.009164177338231581   20   13   15    1
 0.04070581839143659   20   13   15    5
 -0.009540738759599064   20   13   15    9
 -0.03967264847070235   20   13   15   12
 0.004372648446607763   20   13   16    2
 0.001963166097210936   20   13   16    8
 -0.000578746138331846   20   13   16   15
 -0.02126368943726022   20   13   18    1
 -0.003699575668707699   20   13   18    5
 -2.25872397236365e-15   20   13   18    8
 0.0004352249359852024   20   13   18    9
 -0.01756105335943502   20   13   18   12
 -1.046194846079499e-15   20   13   18   15
 -0.001567861447349163   20   13   18   16
 -3.442809084504635e-15   20   13   18   18
 -0.03233112193110022   20   13   19    7
 0.02305093262216607   20   13   19   14
 -0.0397043770471287   20   13   20    6
 0.02980196809615768   20   13   20   13
 0.003273477144491022   20   14    6    3
 0.003273477144491023   20   14    7    4
 -0.001838177118262614   20   14   10    6
 -0.001838177118262613   20   14   11    7
 -0.003108429535382053   20   14   13    3
 0.002362306153131639   20   14   13   10
 -0.003108429535382052   20   14   14    4
 0.00236230615313164   20   14   14   11
 0.004372648446607734   20   14   17    2
 0.00196316609721073   20   14   17    8
 -0.0005787461383319331   20   14   17   15
 -0.001567861447349376   20   14   18   17
 -0.003686627558014225   20   14   19    6
 0.003375517736995769   20   14   19   13
 -0.003686627558014226   20   14   20    7
 0.003375517736995771   20   14   20   14
 0.01520518214180691   20   15    4    2
 0.01046062672872376   20   15    6    1
 -0.01331999084752091   20   15    6    5
 0.0070349648955844   20   15    8    4
 0.001826045020496722   20   15    9    6
 -0.006186717052817055   20   15   11    2
 -0.004658344338196724   20   15   11    8
 0.008836190626054377   20   15   12    6
 -0.008781145342182764   20   15   13    1
 0.009252563866567464   20   15   13    5
 -0.002235568434616818   20   15   13    9
 -0.01217625237495732   20   15   13   12
 -0.0004068742020042413   20   15   15    4
 0.002278753176654074   20   15   15   11
 0.008941164709590636   20   15   16    6
 -0.006051038948988256   20   15   16   13
 0.008941164709590643   20   15   17    7
 -0.006051038948988306   20   15   17   14
 -0.008767332152734623   20   15   18    4
 0.008719392397408619   20   15   18   11
 -0.01809425080315326   20   15   20    2
 -0.00284327740838614   20   15   20    8
 0.01463300413873517   20   15   20   15
 0.01972223137873108   20   16    4    1
 0.01188851237162071   20   16    5    4
 -0.008278645887674562   20   16    6    2
 0.002123878275240999   20   16    8    6
 0.005607103932190454   20   16    9    4
 -0.008832540939764691   20   16   11    1
 -0.005110310909617446   20   16   11    5
 0.008606758915577795   20   16   11    9
 -0.006982222506858488   20   16   12    4
 -0.001870242957521308   20   16   12   11
 0.002936211680231945   20   16   13    2
 0.002396666179797386   20   16   13    8
 0.007154126978197653   20   16   15    6
 -0.007352356739194851   20   16   15   13
 0.01310244671910945   20   16   16    4
 -0.003202063730059749   20   16   16   11
 0.00659227802713023   20   16   17    3
 -0.001701313596328947   20   16   17   10
 -0.005348422995184797   20   16   18    6
 0.002977893229418144   20   16   18   13
 0.01045242416690566   20   16   19   17
 0.02603604444890114   20   16   20    1
 -0.008114641147456129   20   16   20    5
 0.004189368094659935   20   16   20    9
 0.001556308866090221   20   16   20   12
 0.02670351306522459   20   16   20   16
 0.01972223137873108   20   17    3    1
 0.01188851237162072   20   17    5    3
 -0.008278645887674565   20   17    7    2
 0.002123878275240951   20   17    8    7
 0.005607103932190459   20   17    9    3
 -0.008832540939764696   20   17   10    1
 -0.005110310909617445   20   17   10    5
 0.008606758915577805   20   17   10    9
 -0.006982222506858486   20   17   12    3
 -0.001870242957521314   20   17   12   10
 0.002936211680231944   20   17   14    2
 0.002396666179797248   20   17   14    8
 0.007154126978197634   20   17   15    7
 -0.007352356739194928   20   17   15   14
 -0.00659227802713023   20   17   16    3
 0.001701313596328945   20   17   16   10
 0.01310244671910945   20   17   17    4
 -0.003202063730059752   20   17   17   11
 -0.005348422995184905   20   17   18    7
 0.002977893229417936   20   17   18   14
 0.02603604444890114   20   17   19    1
 -0.008114641147456126   20   17   19    5
 0.004189368094659926   20   17   19    9
 0.001556308866090215   20   17   19   12
 -0.01045242416690566   20   17   19   16
 0.02670351306522462   20   17   20   17
 -0.003816355647658446   20   18    4    2
 -0.004429971679399296   20   18    6    1
 0.004102917152064765   20   18    6    5
 -0.0004161785753537314   20   18    8    4
 1.007852246828676e-15   20   18    8    6
 0.002802503442688876   20   18    9    6
 -0.003531928561200398   20   18   11    2
 0.0020878798051477   20   18   11    8
 0.004124710710055391   20   18   12    6
 0.001685831194179034   20   18   13    1
 0.004186348732225018   20   18   13    5
 0.001056390964952402   20   18   13    9
 0.002392791371766043   20   18   13   12
 -0.005103506063838884   20   18   15    4
 -0.0001037301681781064   20   18   15   11
 -0.004022026975133926   20   18   16    6
 -0.0001018100631639532   20   18   16   13
 -0.004022026975133929   20   18   17    7
 -0.0001018100631641707   20   18   17   14
 0.0004700261748605656   20   18   18    4
 1.241138435022871e-15   20   18   18    6
 -0.00441185725184626   20   18   18   11
 1.051977768323867e-15   20   18   18   13
 0.004322843882613427   20   18   20    2
 -0.003066421210958118   20   18   20    8
 -0.002349336698361004   20   18   20   15
 0.007269045613614339   20   18   20   18
 0.02089291429818083   20   19    4    3
 0.01626273335772844   20   19    7    6
 -0.003400449653178083   20   19   10    4
 -0.003400449653178083   20   19   11    3
 0.01193349435171928   20   19   11   10
 -0.005072532959137061   20   19   13    7
 -0.005072532959137061   20   19   14    6
 0.01154270195623893   20   19   14   13
 0.02642951293024383   20   19   17    1
 -0.01049964419979417   20   19   17    5
 0.009718002033115482   20   19   17    9
 -0.002692958061703971   20   19   17   12
 0.002803348931877892   20   19   19    4
 -0.001798250943335079   20   19   19   11
 0.002803348931877892   20   19   20    3
 -0.001798250943335079   20   19   20   10
 0.0251199597863092   20   19   20   19
 0.6280152388822899   20   20    1    1
 0.5297706137359205   20   20    2    2
 0.5341960796371296   20   20    3    3
 0.5759819082334912   20   20    4    4
 0.04704409368913912   20   20    5    1
 0.5441084928317486   20   20    5    5
 0.5046890113407686   20   20    6    6
 0.4721635446253117   20   20    7    7
 0.07244299806593922   20   20    8    2
 0.3506915184189212   20   20    8    8
 -0.03232687323434389   20   20    9    1
 -0.06548138596394679   20   20    9    5
 -1.135319526887925e-15   20   20    9    8
 0.4124154008684481   20   20    9    9
 -0.1001885599317223   20   20   10    3
 0.4318394685447779   20   20   10   10
 -0.1069894592380783   20   20   11    4
 0.4557064572482163   20   20   11   11
 0.0491641065988891   20   20   12    1
 -0.07870819293375654   20   20   12    5
 1.054997508624942e-15   20   20   12    8
 -0.02266326098274297   20   20   12    9
 0.4618887870160886   20   20   12   12
 -0.1295051976032779   20   20   13    6
 0.4752477388628851   20   20   13   13
 -0.1193601316850036   20   20   14    7
 0.4521623349504082   20   20   14   14
 -0.05540497882822943   20   20   15    2
 0.01987196861765328   20   20   15    8
 0.527316179576312   20   20   15   15
 0.0264295129302438   20   20   16    1
 -0.01049964419979419   20   20   16    5
 0.009718002033115477   20   20   16    9
 -0.002692958061704047   20   20   16   12
 0.541898405569385   20   20   16   16
 0.5418984055693853   20   20   17   17
 -0.04432976182091593   20   20   18    2
 -0.0826981886969575   20   20   18    8
 -1.391155591942257e-15   20   20   18    9
 -0.0683062054009165   20   20   18   15
 0.4823090134570759   20   20   18   18
 0.008067467099432636   20   20   19    3
 -0.00749638022374328   20   20   19   10
 0.5427009336931895   20   20   19   19
 0.01367416496318845   20   20   20    4
 -0.01109288211041353   20   20   20   11
 0.5929408532658078   20   20   20   20
 0.0148513966182196   21    1    6    3
 0.0148513966182196   21    1    7    4
 -0.002262750144828882   21    1   10    6
 -0.002262750144828882   21    1   11    7
 -0.008192454571782337   21    1   13    3
 0.00898077686997879   21    1   13   10
 -0.008192454571782337   21    1   14    4
 0.00898077686997879   21    1   14   11
 0.0186932662397991   21    1   17    2
 0.0107584487696386   21    1   17    8
 0.01350109411530849   21    1   17   15
 -0.01004126363756187   21    1   18   17
 -0.005250205609850976   21    1   19    6
 0.00247065722849547   21    1   19   13
 -0.005250205609850975   21    1   20    7
 0.002470657228495469   21    1   20   14
 0.01938902449595211   21    1   21    1
 0.02294498598542536   21    2    4    3
 0.02278919653862556   21    2    7    6
 -0.002038868925097273   21    2   10    4
 -0.002038868925097274   21    2   11    3
 0.01438078480580177   21    2   11   10
 -0.006033917266116354   21    2   13    7
 -0.006033917266116354   21    2   14    6
 0.0157737522890479   21    2   14   13
 0.02646144933364098   21    2   17    1
 -0.01787441300340064   21    2   17    5
 0.0118119898459753   21    2   17    9
 -0.002609430110314595   21    2   17   12
 -0.003959932745310768   21    2   19    4
 0.0004039859869651425   21    2   19   11
 -0.003959932745310768   21    2   20    3
 0.0004039859869651433   21    2   20   10
 0.02291618754984143   21    2   20   19
 0.03212393584019961   21    2   21    2
 0.03212684301065278   21    3    4    2
 0.0266552470711417   21    3    6    1
 -0.02532020967624593   21    3    6    5
 0.01608469456268688   21    3    8    4
 0.005161294305218789   21    3    9    6
 -0.004243135521160872   21    3   11    2
 -0.00859082904961584   21    3   11    8
 0.002368917421187511   21    3   12    6
 -0.01676296784416992   21    3   13    1
 0.006277943328340692   21    3   13    5
 -0.004065147526766811   21    3   13    9
 -0.02265854968584325   21    3   13   12
 0.01660780908312863   21    3   15    4
 0.006358034543175386   21    3   15   11
 0.01740202554219999   21    3   16    6
 -0.007443422089100665   21    3   16   13
 0.03567547993182733   21    3   17    7
 -0.0145827530982151   21    3   17   14
 -0.01669054852213292   21    3   18    4
 0.02421612708701827   21    3   18   11
 -0.02496243892187316   21    3   20    2
 -0.003515129049184123   21    3   20    8
 0.01002328274672863   21    3   20   15
 -0.003955161991415508   21    3   20   18
 0.03931339845468437   21    3   21    3
 0.03212684301065277   21    4    3    2
 0.0266552470711417   21    4    7    1
 -0.02532020967624593   21    4    7    5
 0.01608469456268687   21    4    8    3
 0.005161294305218792   21    4    9    7
 -0.004243135521160868   21    4   10    2
 -0.008590829049615811   21    4   10    8
 0.00236891742118748   21    4   12    7
 -0.01676296784416992   21    4   14    1
 0.00627794332834069   21    4   14    5
 -0.004065147526766795   21    4   14    9
 -0.02265854968584327   21    4   14   12
 0.01660780908312863   21    4   15    3
 0.006358034543175398   21    4   15   10
 -0.01740202554219999   21    4   16    7
 0.007443422089100658   21    4   16   14
 0.03567547993182733   21    4   17    6
 -0.0145827530982151   21    4   17   13
 -0.01669054852213292   21    4   18    3
 0.02421612708701833   21    4   18   10
 -0.02496243892187317   21    4   19    2
 -0.003515129049184139   21    4   19    8
 0.01002328274672863   21    4   19   15
 -0.003955161991415524   21    4   19   18
 0.03931339845468437   21    4   21    4
 -0.01197300314311188   21    5    6    3
 -0.01197300314311188   21    5    7    4
 -0.001365023699486134   21    5   10    6
 -0.001365023699486134   21    5   11    7
 0.004113444851256125   21    5   13    3
 -0.006987979211074415   21    5   13   10
 0.004113444851256125   21    5   14    4
 -0.006987979211074415   21    5   14   11
 -0.01790559347791521   21    5   17    2
 -0.007157249567211373   21    5   17    8
 -0.007458672085712369   21    5   17   15
 0.00178587204059103   21    5   18   17
 0.01041394664325918   21    5   19    6
 -0.004487342121591862   21    5   19   13
 0.01041394664325918   21    5   20    7
 -0.004487342121591861   21    5   20   14
 -0.0125368062328174   21    5   21    1
 0.01688958052572658   21    5   21    5
 0.05567692532653531   21    6    3    1
 -0.0243073112089606   21    6    5    3
 0.05306335946069944   21    6    7    2
 0.01666035225529372   21    6    8    7
 0.01892424373939094   21    6    9    3
 -0.01477024577669569   21    6   10    1
 -0.01114358000882617   21    6   10    5
 0.01152475332301375   21    6   10    9
 -0.004255163545349394   21    6   12    3
 -0.03873104556462707   21    6   12   10
 -0.01705851217567473   21    6   14    2
 -0.02129989205554016   21    6   14    8
 0.02652640934510803   21    6   15    7
 0.01156975104059922   21    6   15   14
 -0.03594433823576833   21    6   16    3
 0.001545144541638099   21    6   16   10
 0.05765215047334905   21    6   17    4
 -0.001710436558484937   21    6   17   11
 -0.007605213088196195   21    6   18    7
 0.03901841317999875   21    6   18   14
 0.01350284856196628   21    6   19    1
 0.04093223542733318   21    6   19    5
 0.009214678582196904   21    6   19    9
 -0.01948289546062996   21    6   19   12
 9.577889792016395e-05   21    6   19   16
 -0.003777765235341379   21    6   20   17
 0.05496602008144048   21    6   21    6
 0.05567692532653531   21    7    4    1
 -0.0243073112089606   21    7    5    4
 0.05306335946069946   21    7    6    2
 0.01666035225529378   21    7    8    6
 0.01892424373939094   21    7    9    4
 -0.01477024577669568   21    7   11    1
 -0.01114358000882617   21    7   11    5
 0.01152475332301374   21    7   11    9
 -0.00425516354534938   21    7   12    4
 -0.03873104556462706   21    7   12   11
 -0.01705851217567471   21    7   13    2
 -0.02129989205554001   21    7   13    8
 0.02652640934510804   21    7   15    6
 0.01156975104059928   21    7   15   13
 0.03594433823576833   21    7   16    4
 -0.001545144541638103   21    7   16   11
 0.05765215047334905   21    7   17    3
 -0.001710436558484941   21    7   17   10
 -0.007605213088196183   21    7   18    6
 0.03901841317999888   21    7   18   13
 -0.003777765235341381   21    7   19   17
 0.01350284856196628   21    7   20    1
 0.04093223542733317   21    7   20    5
 0.009214678582196911   21    7   20    9
 -0.01948289546062996   21    7   20   12
 -9.577889792016188e-05   21    7   20   16
 0.05496602008144047   21    7   21    7
 0.01302981185568756   21    8    4    3
 0.01018710682766817   21    8    7    6
 -0.002178652615589626   21    8   10    4
 -0.002178652615589626   21    8   11    3
 0.007344998823343969   21    8   11   10
 -0.004445816960796759   21    8   13    7
 -0.004445816960796759   21    8   14    6
 0.007258310016485444   21    8   14   13
 0.01574048267178285   21    8   17    1
 -0.006866181611706798   21    8   17    5
 0.007687722949311904   21    8   17    9
 -0.00167391103042034   21    8   17   12
 0.000629338269960792   21    8   19    4
 0.0005459873358252894   21    8   19   11
 0.0006293382699607897   21    8   20    3
 0.0005459873358252928   21    8   20   10
 0.01007976057017754   21    8   20   19
 0.01460737500456761   21    8   21    2
 0.008519776675873237   21    8   21    8
 0.005434103466675927   21    9    6    3
 0.005434103466675926   21    9    7    4
 0.000422998209137094   21    9   10    6
 0.0004229982091370942   21    9   11    7
 -0.001754667091465503   21    9   13    3
 0.002614230623088915   21    9   13   10
 -0.001754667091465503   21    9   14    4
 0.002614230623088916   21    9   14   11
 0.007242315245468105   21    9   17    2
 0.004866776711609774   21    9   17    8
 0.0066206388693324   21    9   17   15
 -0.002434046521963257   21    9   18   17
 -0.001219226274412133   21    9   19    6
 0.001211230227962339   21    9   19   13
 -0.001219226274412134   21    9   20    7
 0.001211230227962339   21    9   20   14
 0.007417303910305602   21    9   21    1
 -0.005115213077611568   21    9   21    5
 0.005278468298062285   21    9   21    9
 -0.003564354469136355   21   10    4    2
 -0.004412164236766132   21   10    6    1
 -0.0008649340620944166   21   10    6    5
 -0.003746559774634824   21   10    8    4
 -0.0006353259822090595   21   10    9    6
 0.006526898739545885   21   10   11    2
 0.002271901293776756   21   10   11    8
 -0.007588051873335695   21   10   12    6
 0.007202888222007087   21   10   13    1
 -0.004199822959190135   21   10   13    5
 -0.0005697230694322603   21   10   13    9
 0.001055756153402995   21   10   13   12
 0.0002067950687029664   21   10   15    4
 0.004947661981024026   21   10   15   11
 -0.001395812384271743   21   10   16    6
 0.002579757150799793   21   10   16   13
 -0.001811401833969167   21   10   17    7
 0.006590675050081799   21   10   17   14
 0.009788677299208862   21   10   18    4
 -0.00256606269183246   21   10   18   11
 0.00102708890295974   21   10   20    2
 0.001483067362642086   21   10   20    8
 -0.003284010653299488   21   10   20   15
 -0.00135463341729435   21   10   20   18
 -0.003356363591439261   21   10   21    3
 0.007006921213948616   21   10   21   10
 -0.00356435446913635   21   11    3    2
 -0.004412164236766129   21   11    7    1
 -0.0008649340620944182   21   11    7    5
 -0.003746559774634827   21   11    8    3
 -0.000635325982209047   21   11    9    7
 0.006526898739545886   21   11   10    2
 0.002271901293776835   21   11   10    8
 -0.007588051873335692   21   11   12    7
 0.007202888222007085   21   11   14    1
 -0.004199822959190137   21   11   14    5
 -0.0005697230694322589   21   11   14    9
 0.001055756153402971   21   11   14   12
 0.0002067950687029727   21   11   15    3
 0.004947661981024051   21   11   15   10
 0.001395812384271743   21   11   16    7
 -0.002579757150799796   21   11   16   14
 -0.001811401833969168   21   11   17    6
 0.006590675050081795   21   11   17   13
 0.009788677299208858   21   11   18    3
 -0.002566062691832352   21   11   18   10
 0.001027088902959741   21   11   19    2
 0.00148306736264215   21   11   19    8
 -0.003284010653299471   21   11   19   15
 -0.00135463341729427   21   11   19   18
 -0.00335636359143926   21   11   21    4
 0.00700692121394862   21   11   21   11
 0.0006046546824778481   21   12    6    3
 0.0006046546824778481   21   12    7    4
 -0.005129008574122831   21   12   10    6
 -0.005129008574122832   21   12   11    7
 -0.004799782329080324   21   12   13    3
 9.304912522686936e-05   21   12   13   10
 -0.004799782329080325   21   12   14    4
 9.304912522686957e-05   21   12   14   11
 0.0007103198294638364   21   12   17    2
 0.0004363098483266538   21   12   17    8
 -0.004422049619476219   21   12   17   15
 -0.004610904985563737   21   12   18   17
 -0.002082702128608055   21   12   19    6
 0.002861818744302811   21   12   19   13
 -0.002082702128608054   21   12   20    7
 0.00286181874430281   21   12   20   14
 0.0003193681431842622   21   12   21    1
 -0.0004309160253435857   21   12   21    5
 -0.001850339484230173   21   12   21    9
 0.00672480568542503   21   12   21   12
 -0.02334233393552098   21   13    3    1
 0.00645179002856926   21   13    5    3
 -0.01743739147632908   21   13    7    2
 -0.009539086533399606   21   13    8    7
 -0.004204392949855384   21   13    9    3
 0.01253569499083662   21   13   10    1
 -0.0007783024432231259   21   13   10    5
 -0.002176603665534771   21   13   10    9
 -0.007032963897756037   21   13   12    3
 0.008792178386716773   21   13   12   10
 0.01397016588467974   21   13   14    2
 0.00805107508725229   21   13   14    8
 -0.003980432245616069   21   13   15    7
 0.001130048529917941   21   13   15   14
 0.01264357466890423   21   13   16    3
 -0.003481970087049288   21   13   16   10
 -0.02051238928175781   21   13   17    4
 0.007852463156484947   21   13   17   11
 0.01254994524235622   21   13   18    7
 -0.01466550601325003   21   13   18   14
 -0.006087389238988868   21   13   19    1
 -0.01527666865951997   21   13   19    5
 0.0003873610809493118   21   13   19    9
 0.009088202632381834   21   13   19   12
 0.0004049136109908889   21   13   19   16
 0.0005844066244715167   21   13   20   17
 -0.01761566079787596   21   13   21    6
 0.01298457161756602   21   13   21   13
 -0.02334233393552099   21   14    4    1
 0.006451790028569262   21   14    5    4
 -0.01743739147632908   21   14    6    2
 -0.009539086533399651   21   14    8    6
 -0.004204392949855384   21   14    9    4
 0.01253569499083663   21   14   11    1
 -0.0007783024432231318   21   14   11    5
 -0.002176603665534771   21   14   11    9
 -0.007032963897756043   21   14   12    4
 0.008792178386716787   21   14   12   11
 0.01397016588467976   21   14   13    2
 0.008051075087252323   21   14   13    8
 -0.003980432245616086   21   14   15    6
 0.001130048529917974   21   14   15   13
 -0.01264357466890423   21   14   16    4
 0.003481970087049293   21   14   16   11
 -0.02051238928175781   21   14   17    3
 0.007852463156484945   21   14   17   10
 0.01254994524235617   21   14   18    6
 -0.01466550601325003   21   14   18   13
 0.0005844066244715207   21   14   19   17
 -0.00608738923898887   21   14   20    1
 -0.01527666865951998   21   14   20    5
 0.0003873610809493166   21   14   20    9
 0.009088202632381857   21   14   20   12
 -0.0004049136109908947   21   14   20   16
 -0.01761566079787596   21   14   21    7
 0.01298457161756603   21   14   21   14
 0.01662206308850962   21   15    4    3
 0.01299045953087357   21   15    7    6
 0.001116693544052166   21   15   10    4
 0.001116693544052166   21   15   11    3
 0.01166607972839288   21   15   11   10
 -6.035793430020363e-05   21   15   13    7
 -6.035793430020348e-05   21   15   14    6
 0.008546220531279359   21   15   14   13
 0.02122583065152586   21   15   17    1
 -0.007249340309175969   21   15   17    5
 0.0114620225812142   21   15   17    9
 -0.008161967002377977   21   15   17   12
 0.004532087425965929   21   15   19    4
 -0.001293752995668894   21   15   19   11
 0.004532087425965929   21   15   20    3
 -0.001293752995668894   21   15   20   10
 0.01077345288303157   21   15   20   19
 0.01669729874938667   21   15   21    2
 0.00970801003266061   21   15   21    8
 0.01758862280761597   21   15   21   15
 0.01007380109469032   21   16   21   16
 0.07093917030461613   21   17    2    1
 -0.1313759447146857   21   17    5    2
 0.116906993285537   21   17    6    4
 0.116906993285537   21   17    7    3
 0.03793141822766086   21   17    8    1
 -0.00622980849763316   21   17    8    5
 -1.31947703939054e-15   21   17    8    8
 0.002993569979158762   21   17    9    2
 0.05772811055892577   21   17    9    8
 -0.01151395914284889   21   17   10    7
 -0.01151395914284889   21   17   11    6
 0.0460065719546186   21   17   12    2
 0.0470065774240043   21   17   12    8
 -0.0627266461711341   21   17   13    4
 0.08843427800542042   21   17   13   11
 -0.06272664617113409   21   17   14    3
 0.08843427800542039   21   17   14   10
 0.04635769258954863   21   17   15    1
 0.05242521071463833   21   17   15    5
 -0.005986710377518408   21   17   15    9
 -0.08148685713709704   21   17   15   12
 -0.05889412776757715   21   17   18    1
 -0.02297065347547624   21   17   18    5
 -3.301965610880147e-15   21   17   18    8
 0.005111490823511362   21   17   18    9
 -0.04968197259878241   21   17   18   12
 -1.89165722884685e-15   21   17   18   15
 -5.665364601740277e-15   21   17   18   18
 -0.07532589393357413   21   17   19    7
 0.03851482882001819   21   17   19   14
 -0.07532589393357414   21   17   20    6
 0.03851482882001817   21   17   20   13
 0.1452409954359693   21   17   21   17
 -0.01038156987738494   21   18    4    3
 -0.004583247518029666   21   18    7    6
 0.007908475655623706   21   18   10    4
 0.007908475655623706   21   18   11    3
 -0.002635613938959375   21   18   11   10
 0.008500432472037458   21   18   13    7
 0.008500432472037458   21   18   14    6
 -0.005002326313591667   21   18   14   13
 -0.01335196092303638   21   18   17    1
 0.0005032753136421735   21   18   17    5
 -0.003019249448446641   21   18   17    9
 -0.004064575946999095   21   18   17   12
 -0.002510029699877918   21   18   19    4
 -0.000198419440193191   21   18   19   11
 -0.00251002969987792   21   18   20    3
 -0.000198419440193187   21   18   20   10
 -0.005799230127508357   21   18   20   19
 -0.007163397612800141   21   18   21    2
 -0.006286322136638508   21   18   21    8
 -0.00387677493046775   21   18   21   15
 0.01229156295895932   21   18   21   18
 -0.01793014421887458   21   19    4    2
 -0.01017140511408793   21   19    6    1
 0.0206455945523008   21   19    6    5
 -0.005286824948532056   21   19    8    4
 -9.958721512367432e-05   21   19    9    6
 0.0006435740700807536   21   19   11    2
 0.00499448558687273   21   19   11    8
 -0.002927451237005086   21   19   12    6
 0.004768175123621396   21   19   13    1
 -0.006505060420255786   21   19   13    5
 0.004838742108806071   21   19   13    9
 0.01436251296857198   21   19   13   12
 -0.001282387604761848   21   19   15    4
 -0.006766530409440447   21   19   15   11
 -0.009246252595042338   21   19   16    6
 0.003234413999075197   21   19   16   13
 -0.01642959715780581   21   19   17    7
 0.005366927448984121   21   19   17   14
 0.002105457523249598   21   19   18    4
 -0.009337921511227689   21   19   18   11
 0.02465987869465434   21   19   20    2
 0.004406853424837801   21   19   20    8
 -0.005688454061779336   21   19   20   15
 0.001105777395384746   21   19   20   18
 -0.01558317427069933   21   19   21    3
 -0.0005218408373969706   21   19   21   10
 0.01935954479720444   21   19   21   19
 -0.01793014421887458   21   20    3    2
 -0.01017140511408793   21   20    7    1
 0.0206455945523008   21   20    7    5
 -0.005286824948532077   21   20    8    3
 -9.958721512367554e-05   21   20    9    7
 0.0006435740700807517   21   20   10    2
 0.004994485586872751   21   20   10    8
 -0.002927451237005082   21   20   12    7
 0.004768175123621396   21   20   14    1
 -0.006505060420255786   21   20   14    5
 0.004838742108806056   21   20   14    9
 0.01436251296857199   21   20   14   12
 -0.001282387604761857   21   20   15    3
 -0.006766530409440441   21   20   15   10
 0.00924625259504234   21   20   16    7
 -0.003234413999075194   21   20   16   14
 -0.01642959715780581   21   20   17    6
 0.005366927448984122   21   20   17   13
 0.002105457523249564   21   20   18    3
 -0.009337921511227651   21   20   18   10
 0.02465987869465434   21   20   19    2
 0.004406853424837799   21   20   19    8
 -0.005688454061779341   21   20   19   15
 0.001105777395384759   21   20   19   18
 -0.01558317427069933   21   20   21    4
 -0.0005218408373969663   21   20   21   11
 0.01935954479720445   21   20   21   20
 0.5789309850831099   21   21    1    1
 0.4989770733796094   21   21    2    2
 0.5375710600819067   21   21    3    3
 0.5375710600819067   21   21    4    4
 0.02775877980289175   21   21    5    1
 0.4977235986413487   21   21    5    5
 0.4810146131675243   21   21    6    6
 0.4810146131675243   21   21    7    7
 0.07356946330507801   21   21    8    2
 0.336159912459878   21   21    8    8
 -0.01390514027182635   21   21    9    1
 -0.0613002635123926   21   21    9    5
 0.3957733651428695   21   21    9    9
 -0.08448883850213344   21   21   10    3
 0.4336815810201876   21   21   10   10
 -0.08448883850213346   21   21   11    4
 0.4336815810201876   21   21   11   11
 0.03699956446355464   21   21   12    1
 -0.05915107704546278   21   21   12    5
 -0.03066763560324982   21   21   12    9
 0.4418160420449495   21   21   12   12
 -0.1108954913226552   21   21   13    6
 0.4485209152902994   21   21   13   13
 -0.1108954913226551   21   21   14    7
 0.4485209152902994   21   21   14   14
 -0.02392559139976916   21   21   15    2
 0.02662392311023365   21   21   15    8
 0.4951893303258209   21   21   15   15
 0.5275339568537792   21   21   16   16
 0.5498830193220973   21   21   17   17
 -0.04505593687526897   21   21   18    2
 -0.07717117049994833   21   21   18    8
 -0.05240297531795148   21   21   18   15
 0.4662847601869203   21   21   18   18
 0.004495447111865741   21   21   19    3
 -0.003379350842214654   21   21   19   10
 0.5264847364952283   21   21   19   19
 0.004495447111865769   21   21   20    4
 -0.003379350842214702   21   21   20   11
 0.5264847364952283   21   21   20   20
 0.5466129252358132   21   21   21   21
 0.01485139661821962   22    1    6    4
 -0.0148513966182196   22    1    7    3
 0.002262750144828841   22    1   10    7
 -0.002262750144828885   22    1   11    6
 -0.008192454571782349   22    1   13    4
 0.00898077686997883   22    1   13   11
 0.008192454571782313   22    1   14    3
 -0.008980776869978793   22    1   14   10
 0.01869326623979908   22    1   16    2
 0.01075844876963864   22    1   16    8
 0.01350109411530848   22    1   16   15
 -0.01004126363756181   22    1   18   16
 0.005250205609850961   22    1   19    7
 -0.002470657228495479   22    1   19   14
 -0.005250205609850974   22    1   20    6
 0.002470657228495487   22    1   20   13
 0.01938902449595209   22    1   22    1
 -0.02294498598542537   22    2    3    3
 0.02294498598542538   22    2    4    4
 0.02278919653862557   22    2    6    6
 -0.0227891965386256   22    2    7    7
 2.276353709658343e-15   22    2    8    8
 0.002038868925097282   22    2   10    3
 -0.01438078480580175   22    2   10   10
 -0.002038868925097284   22    2   11    4
 0.01438078480580178   22    2   11   11
 -0.006033917266116383   22    2   13    6
 0.01577375228904774   22    2   13   13
 0.006033917266116386   22    2   14    7
 -0.0157737522890477   22    2   14   14
 0.02646144933364098   22    2   16    1
 -0.01787441300340063   22    2   16    5
 0.01181198984597526   22    2   16    9
 -0.002609430110314518   22    2   16   12
 2.76213864023814e-15   22    2   18    8
 3.292741350464667e-15   22    2   18   18
 0.003959932745310779   22    2   19    3
 -0.0004039859869651384   22    2   19   10
 -0.02291618754984142   22    2   19   19
 -0.003959932745310773   22    2   20    4
 0.0004039859869651392   22    2   20   11
 0.02291618754984145   22    2   20   20
 0.03212393584019965   22    2   22    2
 -0.03212684301065276   22    3    3    2
 -0.02665524707114169   22    3    7    1
 0.02532020967624591   22    3    7    5
 -0.01608469456268685   22    3    8    3
 -0.005161294305218783   22    3    9    7
 0.004243135521160872   22    3   10    2
 0.008590829049615922   22    3   10    8
 -0.002368917421187522   22    3   12    7
 0.01676296784416991   22    3   14    1
 -0.006277943328340699   22    3   14    5
 0.004065147526766805   22    3   14    9
 0.0226585496858432   22    3   14   12
 -0.01660780908312862   22    3   15    3
 -0.006358034543175338   22    3   15   10
 0.03567547993182731   22    3   16    7
 -0.01458275309821508   22    3   16   14
 -0.01740202554219999   22    3   17    6
 0.007443422089100657   22    3   17   13
 0.01669054852213291   22    3   18    3
 -0.02421612708701812   22    3   18   10
 0.02496243892187316   22    3   19    2
 0.003515129049184168   22    3   19    8
 -0.01002328274672864   22    3   19   15
 0.003955161991415553   22    3   19   18
 -0.01885618619428631   22    3   21    4
 0.002023581963658884   22    3   21   11
 0.009234793142621846   22    3   21   20
 0.03931339845468433   22    3   22    3
 0.03212684301065276   22    4    4    2
 0.0266552470711417   22    4    6    1
 -0.02532020967624592   22    4    6    5
 0.01608469456268689   22    4    8    4
 0.005161294305218783   22    4    9    6
 -0.004243135521160871   22    4   11    2
 -0.008590829049615934   22    4   11    8
 0.002368917421187508   22    4   12    6
 -0.01676296784416992   22    4   13    1
 0.0062779433283407   22    4   13    5
 -0.004065147526766802   22    4   13    9
 -0.02265854968584321   22    4   13   12
 0.01660780908312863   22    4   15    4
 0.006358034543175356   22    4   15   11
 0.03567547993182732   22    4   16    6
 -0.01458275309821507   22    4   16   13
 0.01740202554219999   22    4   17    7
 -0.007443422089100662   22    4   17   14
 -0.01669054852213287   22    4   18    4
 0.02421612708701815   22    4   18   11
 -0.02496243892187316   22    4   20    2
 -0.00351512904918417   22    4   20    8
 0.01002328274672863   22    4   20   15
 -0.003955161991415577   22    4   20   18
 0.01885618619428632   22    4   21    3
 -0.002023581963658884   22    4   21   10
 -0.009234793142621848   22    4   21   19
 0.03931339845468435   22    4   22    4
 -0.01197300314311188   22    5    6    4
 0.01197300314311189   22    5    7    3
 0.00136502369948614   22    5   10    7
 -0.001365023699486107   22    5   11    6
 0.004113444851256131   22    5   13    4
 -0.006987979211074405   22    5   13   11
 -0.004113444851256105   22    5   14    3
 0.006987979211074405   22    5   14   10
 -0.0179055934779152   22    5   16    2
 -0.007157249567211403   22    5   16    8
 -0.007458672085712364   22    5   16   15
 0.00178587204059102   22    5   18   16
 -1.134997741633681e-15   22    5   18   18
 -0.01041394664325918   22    5   19    7
 0.004487342121591864   22    5   19   14
 0.01041394664325918   22    5   20    6
 -0.004487342121591866   22    5   20   13
 -0.01253680623281739   22    5   22    1
 0.01688958052572658   22    5   22    5
 0.05567692532653529   22    6    4    1
 -0.02430731120896059   22    6    5    4
 0.05306335946069941   22    6    6    2
 0.01666035225529352   22    6    8    6
 0.01892424373939094   22    6    9    4
 -0.01477024577669569   22    6   11    1
 -0.01114358000882616   22    6   11    5
 0.01152475332301375   22    6   11    9
 -0.004255163545349378   22    6   12    4
 -0.03873104556462706   22    6   12   11
 -0.01705851217567474   22    6   13    2
 -0.02129989205554036   22    6   13    8
 0.02652640934510795   22    6   15    6
 0.01156975104059915   22    6   15   13
 0.05765215047334901   22    6   16    4
 -0.001710436558484922   22    6   16   11
 0.03594433823576833   22    6   17    3
 -0.001545144541638092   22    6   17   10
 -0.007605213088196438   22    6   18    6
 0.03901841317999839   22    6   18   13
 -9.577889792015199e-05   22    6   19   17
 0.01350284856196628   22    6   20    1
 0.04093223542733315   22    6   20    5
 0.00921467858219693   22    6   20    9
 -0.01948289546062997   22    6   20   12
 -0.00377776523534137   22    6   20   16
 0.03269250232209178   22    6   21    7
 -0.0106884964258811   22    6   21   14
 0.05496602008144046   22    6   22    6
 -0.05567692532653528   22    7    3    1
 0.02430731120896058   22    7    5    3
 -0.05306335946069941   22    7    7    2
 -0.01666035225529353   22    7    8    7
 -0.01892424373939093   22    7    9    3
 0.01477024577669568   22    7   10    1
 0.01114358000882616   22    7   10    5
 -0.01152475332301375   22    7   10    9
 0.004255163545349373   22    7   12    3
 0.03873104556462703   22    7   12   10
 0.01705851217567473   22    7   14    2
 0.02129989205554022   22    7   14    8
 -0.02652640934510793   22    7   15    7
 -0.01156975104059921   22    7   15   14
 0.057652150473349   22    7   16    3
 -0.001710436558484938   22    7   16   10
 -0.03594433823576832   22    7   17    4
 0.001545144541638092   22    7   17   11
 0.007605213088196459   22    7   18    7
 -0.03901841317999854   22    7   18   14
 -0.01350284856196627   22    7   19    1
 -0.04093223542733314   22    7   19    5
 -0.009214678582196904   22    7   19    9
 0.01948289546062996   22    7   19   12
 -0.003777765235341375   22    7   19   16
 9.577889792015467e-05   22    7   20   17
 -0.03269250232209176   22    7   21    6
 0.01068849642588111   22    7   21   13
 0.05496602008144041   22    7   22    7
 -0.0130298118556877   22    8    3    3
 0.01302981185568765   22    8    4    4
 0.01018710682766785   22    8    6    6
 -0.01018710682766851   22    8    7    7
 2.542823164645742e-15   22    8    8    2
 1.230002492750788e-15   22    8    8    5
 3.753745021370952e-14   22    8    8    8
 -1.398524139785062e-15   22    8    9    8
 0.002178652615589747   22    8   10    3
 -0.007344998823343871   22    8   10   10
 -0.002178652615589865   22    8   11    4
 0.00734499882334406   22    8   11   11
 1.381132076188003e-15   22    8   12    8
 -0.004445816960797578   22    8   13    6
 0.007258310016484083   22    8   13   13
 0.00444581696079681   22    8   14    7
 -0.007258310016484818   22    8   14   14
 1.017648965572353e-15   22    8   15    2
 1.710891613166354e-14   22    8   15    8
 8.296222071065595e-15   22    8   15   15
 0.01574048267178299   22    8   16    1
 -0.006866181611706826   22    8   16    5
 0.007687722949311584   22    8   16    9
 -0.001673911030419397   22    8   16   12
 3.301378894435308e-15   22    8   18    2
 1.362926766445164e-15   22    8   18    5
 5.279724725056849e-14   22    8   18    8
 -1.419446280360802e-15   22    8   18    9
 1.566880261799159e-15   22    8   18   12
 2.352750702040614e-14   22    8   18   15
 7.099524959128717e-14   22    8   18   18
 -0.0006293382699607118   22    8   19    3
 -0.0005459873358252067   22    8   19   10
 -0.01007976057017774   22    8   19   19
 0.0006293382699607066   22    8   20    4
 0.000545987335825251   22    8   20   11
 0.01007976057017809   22    8   20   20
 0.01460737500456789   22    8   22    2
 0.008519776675874832   22    8   22    8
 0.005434103466675879   22    9    6    4
 -0.005434103466675894   22    9    7    3
 -0.000422998209137038   22    9   10    7
 0.0004229982091371644   22    9   11    6
 -0.001754667091465487   22    9   13    4
 0.002614230623088861   22    9   13   11
 0.001754667091465515   22    9   14    3
 -0.002614230623088833   22    9   14   10
 0.007242315245468072   22    9   16    2
 0.004866776711609425   22    9   16    8
 0.006620638869332263   22    9   16   15
 -1.602640191237352e-15   22    9   18    8
 -1.126764637246595e-15   22    9   18   15
 -0.002434046521963655   22    9   18   16
 -3.26969147701462e-15   22    9   18   18
 0.001219226274412127   22    9   19    7
 -0.001211230227962297   22    9   19   14
 -0.001219226274412097   22    9   20    6
 0.001211230227962307   22    9   20   13
 0.007417303910305591   22    9   22    1
 -0.005115213077611558   22    9   22    5
 0.005278468298062314   22    9   22    9
 0.00356435446913635   22   10    3    2
 0.004412164236766121   22   10    7    1
 0.0008649340620944269   22   10    7    5
 0.003746559774634799   22   10    8    3
 0.0006353259822090731   22   10    9    7
 -0.006526898739545901   22   10   10    2
 -0.002271901293777072   22   10   10    8
 0.007588051873335709   22   10   12    7
 -0.007202888222007104   22   10   14    1
 0.004199822959190166   22   10   14    5
 0.0005697230694323069   22   10   14    9
 -0.001055756153402947   22   10   14   12
 -0.0002067950687029763   22   10   15    3
 -0.004947661981024153   22   10   15   10
 -0.001811401833969175   22   10   16    7
 0.006590675050081802   22   10   16   14
 0.001395812384271747   22   10   17    6
 -0.002579757150799804   22   10   17   13
 -0.009788677299208876   22   10   18    3
 0.002566062691832073   22   10   18   10
 -0.00102708890295975   22   10   19    2
 -0.001483067362642186   22   10   19    8
 0.003284010653299469   22   10   19   15
 0.001354633417294241   22   10   19   18
 0.002023581963658891   22   10   21    4
 -0.002443211835825345   22   10   21   11
 -7.941105822398866e-05   22   10   21   20
 -0.003356363591439265   22   10   22    3
 0.007006921213948647   22   10   22   10
 -0.003564354469136354   22   11    4    2
 -0.004412164236766132   22   11    6    1
 -0.0008649340620944155   22   11    6    5
 -0.00374655977463484   22   11    8    4
 -0.0006353259822090577   22   11    9    6
 0.006526898739545903   22   11   11    2
 0.002271901293777107   22   11   11    8
 -0.007588051873335686   22   11   12    6
 0.007202888222007094   22   11   13    1
 -0.004199822959190162   22   11   13    5
 -0.0005697230694322768   22   11   13    9
 0.001055756153402926   22   11   13   12
 0.0002067950687029597   22   11   15    4
 0.004947661981024178   22   11   15   11
 -0.001811401833969145   22   11   16    6
 0.006590675050081802   22   11   16   13
 -0.001395812384271758   22   11   17    7
 0.002579757150799794   22   11   17   14
 0.009788677299208827   22   11   18    4
 -0.002566062691832005   22   11   18   11
 0.001027088902959754   22   11   20    2
 0.001483067362642242   22   11   20    8
 -0.003284010653299456   22   11   20   15
 -0.00135463341729417   22   11   20   18
 -0.002023581963658896   22   11   21    3
 0.002443211835825344   22   11   21   10
 7.941105822398843e-05   22   11   21   19
 -0.003356363591439246   22   11   22    4
 0.007006921213948619   22   11   22   11
 0.0006046546824778591   22   12    6    4
 -0.0006046546824778569   22   12    7    3
 -2.185547530279412e-15   22   12    8    8
 0.005129008574122688   22   12   10    7
 -0.005129008574122802   22   12   11    6
 1.135564177736279e-15   22   12   12    8
 -0.004799782329080346   22   12   13    4
 9.304912522703581e-05   22   12   13   11
 0.004799782329080265   22   12   14    3
 -9.304912522689522e-05   22   12   14   10
 0.0007103198294638339   22   12   16    2
 0.0004363098483271556   22   12   16    8
 -0.004422049619475987   22   12   16   15
 -2.370023292842576e-15   22   12   18    8
 1.256147184709986e-15   22   12   18   12
 -0.004610904985562952   22   12   18   16
 -2.388997807968773e-15   22   12   18   18
 0.002082702128608005   22   12   19    7
 -0.002861818744302803   22   12   19   14
 -0.002082702128608019   22   12   20    6
 0.002861818744302882   22   12   20   13
 0.0003193681431842543   22   12   22    1
 -0.0004309160253435809   22   12   22    5
 -0.001850339484230217   22   12   22    9
 0.006724805685424904   22   12   22   12
 -0.02334233393552099   22   13    4    1
 0.006451790028569264   22   13    5    4
 -0.0174373914763291   22   13    6    2
 -0.009539086533399818   22   13    8    6
 -0.004204392949855391   22   13    9    4
 0.01253569499083662   22   13   11    1
 -0.0007783024432231408   22   13   11    5
 -0.002176603665534799   22   13   11    9
 -0.007032963897756002   22   13   12    4
 0.00879217838671671   22   13   12   11
 0.01397016588467976   22   13   13    2
 0.00805107508725264   22   13   13    8
 -0.00398043224561618   22   13   15    6
 0.001130048529918119   22   13   15   13
 -0.0205123892817578   22   13   16    4
 0.00785246315648493   22   13   16   11
 -0.01264357466890425   22   13   17    3
 0.003481970087049303   22   13   17   10
 0.01254994524235592   22   13   18    6
 -0.01466550601324953   22   13   18   13
 -0.0004049136109908735   22   13   19   17
 -0.006087389238988867   22   13   20    1
 -0.01527666865951999   22   13   20    5
 0.0003873610809493367   22   13   20    9
 0.009088202632381815   22   13   20   12
 0.0005844066244715238   22   13   20   16
 -0.01068849642588112   22   13   21    7
 0.006341537242513745   22   13   21   14
 -0.01761566079787595   22   13   22    6
 0.01298457161756593   22   13   22   13
 0.02334233393552098   22   14    3    1
 -0.006451790028569266   22   14    5    3
 0.0174373914763291   22   14    7    2
 0.009539086533399792   22   14    8    7
 0.004204392949855387   22   14    9    3
 -0.01253569499083662   22   14   10    1
 0.0007783024432231403   22   14   10    5
 0.002176603665534792   22   14   10    9
 0.007032963897756036   22   14   12    3
 -0.008792178386716776   22   14   12   10
 -0.01397016588467972   22   14   14    2
 -0.008051075087252276   22   14   14    8
 0.003980432245616165   22   14   15    7
 -0.001130048529917928   22   14   15   14
 -0.02051238928175782   22   14   16    3
 0.007852463156484966   22   14   16   10
 0.01264357466890424   22   14   17    4
 -0.003481970087049294   22   14   17   11
 -0.01254994524235597   22   14   18    7
 0.01466550601325003   22   14   18   14
 0.006087389238988864   22   14   19    1
 0.01527666865951999   22   14   19    5
 -0.0003873610809493198   22   14   19    9
 -0.009088202632381793   22   14   19   12
 0.0005844066244715439   22   14   19   16
 0.0004049136109908819   22   14   20   17
 0.01068849642588112   22   14   21    6
 -0.006341537242513727   22   14   21   13
 -0.01761566079787597   22   14   22    7
 0.01298457161756605   22   14   22   14
 -0.01662206308850964   22   15    3    3
 0.01662206308850968   22   15    4    4
 0.01299045953087342   22   15    6    6
 -0.01299045953087367   22   15    7    7
 1.21308288817944e-15   22   15    8    2
 1.788614273463394e-14   22   15    8    8
 -0.001116693544052089   22   15   10    3
 -0.01166607972839278   22   15   10   10
 0.001116693544052031   22   15   11    4
 0.01166607972839286   22   15   11   11
 1.176646364948869e-15   22   15   12    8
 -6.03579343005937e-05   22   15   13    6
 0.00854622053127873   22   15   13   13
 6.03579343002695e-05   22   15   14    7
 -0.008546220531278981   22   15   14   14
 8.752071044871032e-15   22   15   15    8
 4.456199246913098e-15   22   15   15   15
 0.02122583065152589   22   15   16    1
 -0.007249340309175952   22   15   16    5
 0.01146202258121407   22   15   16    9
 -0.008161967002377526   22   15   16   12
 1.684950718310668e-15   22   15   18    2
 2.573116284944203e-14   22   15   18    8
 1.556804394324614e-15   22   15   18   12
 1.209894575599384e-14   22   15   18   15
 3.468409519948422e-14   22   15   18   18
 -0.004532087425965892   22   15   19    3
 0.001293752995668958   22   15   19   10
 -0.01077345288303165   22   15   19   19
 0.004532087425965902   22   15   20    4
 -0.001293752995668958   22   15   20   11
 0.01077345288303185   22   15   20   20
 0.01669729874938675   22   15   22    2
 0.009708010032660887   22   15   22    8
 0.01758862280761589   22   15   22   15
 0.07093917030461616   22   16    2    1
 -0.1313759447146857   22   16    5    2
 0.1169069932855369   22   16    6    4
 0.1169069932855368   22   16    7    3
 0.03793141822766177   22   16    8    1
 -0.006229808497633521   22   16    8    5
 0.002993569979158648   22   16    9    2
 0.05772811055892552   22   16    9    8
 -0.01151395914284885   22   16   10    7
 -0.0115139591428488   22   16   11    6
 0.04600657195461853   22   16   12    2
 0.04700657742400457   22   16   12    8
 -0.06272664617113402   22   16   13    4
 0.08843427800542032   22   16   13   11
 -0.06272664617113405   22   16   14    3
 0.08843427800542031   22   16   14   10
 0.04635769258954896   22   16   15    1
 0.05242521071463806   22   16   15    5
 -0.00598671037751845   22   16   15    9
 -0.0814868571370967   22   16   15   12
 -0.05889412776757588   22   16   18    1
 -0.02297065347547668   22   16   18    5
 0.005111490823510776   22   16   18    9
 -0.04968197259878172   22   16   18   12
 -1.736499232221242e-15   22   16   18   18
 -0.07532589393357401   22   16   19    7
 0.03851482882001812   22   16   19   14
 -0.07532589393357403   22   16   20    6
 0.03851482882001811   22   16   20   13
 0.1250933932465887   22   16   21   17
 0.1452409954359692   22   16   22   16
 0.01007380109469032   22   17   21   16
 0.01007380109469032   22   17   22   17
 0.01038156987738469   22   18    3    3
 -0.01038156987738487   22   18    4    4
 -0.00458324751803025   22   18    6    6
 0.004583247518029213   22   18    7    7
 3.412374067312221e-15   22   18    8    2
 1.556314208551059e-15   22   18    8    5
 5.174977521491031e-14   22   18    8    8
 -2.215849182472518e-15   22   18    9    8
 -0.007908475655623443   22   18   10    3
 0.002635613938959559   22   18   10   10
 0.007908475655623338   22   18   11    4
 -0.0026356139389594   22   18   11   11
 2.118193919133514e-15   22   18   12    8
 1.000129178706297e-15   22   18   12    9
 0.008500432472036192   22   18   13    6
 -0.005002326313593522   22   18   13   13
 -0.008500432472037276   22   18   14    7
 0.005002326313592417   22   18   14   14
 1.489478584954357e-15   22   18   15    2
 2.47055731407025e-14   22   18   15    8
 1.233830080251498e-14   22   18   15   15
 -0.0133519609230362   22   18   16    1
 0.0005032753136421778   22   18   16    5
 -0.003019249448446961   22   18   16    9
 -0.004064575946997919   22   18   16   12
 4.621635410220406e-15   22   18   18    2
 1.791518081871202e-15   22   18   18    5
 7.389894027344113e-14   22   18   18    8
 -2.331904758916983e-15   22   18   18    9
 2.635554988503963e-15   22   18   18   12
 3.443097537902399e-14   22   18   18   15
 1.00287956423807e-13   22   18   18   18
 0.002510029699878027   22   18   19    3
 0.0001984194401933347   22   18   19   10
 0.005799230127508102   22   18   19   19
 -0.002510029699878027   22   18   20    4
 -0.0001984194401932999   22   18   20   11
 -0.005799230127507739   22   18   20   20
 -0.00716339761279989   22   18   22    2
 -0.006286322136637464   22   18   22    8
 -0.003876774930467875   22   18   22   15
 0.01229156295895886   22   18   22   18
 0.01793014421887457   22   19    3    2
 0.01017140511408792   22   19    7    1
 -0.02064559455230079   22   19    7    5
 0.005286824948532036   22   19    8    3
 9.958721512367512e-05   22   19    9    7
 -0.0006435740700807542   22   19   10    2
 -0.00499448558687281   22   19   10    8
 0.00292745123700508   22   19   12    7
 -0.004768175123621399   22   19   14    1
 0.00650506042025579   22   19   14    5
 -0.004838742108806048   22   19   14    9
 -0.01436251296857197   22   19   14   12
 0.001282387604761839   22   19   15    3
 0.006766530409440425   22   19   15   10
 -0.01642959715780581   22   19   16    7
 0.005366927448984125   22   19   16   14
 0.009246252595042337   22   19   17    6
 -0.003234413999075203   22   19   17   13
 -0.002105457523249622   22   19   18    3
 0.009337921511227599   22   19   18   10
 -0.02465987869465433   22   19   19    2
 -0.004406853424837836   22   19   19    8
 0.005688454061779309   22   19   19   15
 -0.001105777395384831   22   19   19   18
 0.00923479314262185   22   19   21    4
 -7.941105822398244e-05   22   19   21   11
 -0.008479332166976982   22   19   21   20
 -0.01558317427069932   22   19   22    3
 -0.0005218408373969575   22   19   22   10
 0.01935954479720443   22   19   22   19
 -0.01793014421887457   22   20    4    2
 -0.01017140511408793   22   20    6    1
 0.02064559455230079   22   20    6    5
 -0.005286824948532037   22   20    8    4
 -9.958721512367883e-05   22   20    9    6
 0.0006435740700807532   22   20   11    2
 0.004994485586872753   22   20   11    8
 -0.002927451237005083   22   20   12    6
 0.004768175123621392   22   20   13    1
 -0.006505060420255789   22   20   13    5
 0.004838742108806062   22   20   13    9
 0.01436251296857197   22   20   13   12
 -0.001282387604761837   22   20   15    4
 -0.006766530409440445   22   20   15   11
 -0.0164295971578058   22   20   16    6
 0.005366927448984113   22   20   16   13
 -0.009246252595042345   22   20   17    7
 0.00323441399907519   22   20   17   14
 0.00210545752324963   22   20   18    4
 -0.009337921511227691   22   20   18   11
 0.02465987869465433   22   20   20    2
 0.004406853424837818   22   20   20    8
 -0.005688454061779325   22   20   20   15
 0.001105777395384801   22   20   20   18
 -0.009234793142621848   22   20   21    3
 7.941105822398401e-05   22   20   21   10
 0.008479332166976983   22   20   21   19
 -0.01558317427069932   22   20   22    4
 -0.0005218408373969608   22   20   22   11
 0.01935954479720443   22   20   22   20
 0.01117453123415887   22   21   17   16
 0.01255096351734233   22   21   22   21
 0.5789309850831096   22   22    1    1
 0.4989770733796092   22   22    2    2
 0.5375710600819061   22   22    3    3
 0.5375710600819062   22   22    4    4
 0.02775877980289165   22   22    5    1
 0.4977235986413484   22   22    5    5
 0.481014613167524   22   22    6    6
 0.4810146131675239   22   22    7    7
 0.07356946330507877   22   22    8    2
 0.3361599124598777   22   22    8    8
 -0.01390514027182647   22   22    9    1
 -0.06130026351239249   22   22    9    5
 0.3957733651428692   22   22    9    9
 -0.08448883850213346   22   22   10    3
 0.4336815810201876   22   22   10   10
 -0.08448883850213336   22   22   11    4
 0.4336815810201876   22   22   11   11
 0.03699956446355468   22   22   12    1
 -0.05915107704546296   22   22   12    5
 -0.03066763560324997   22   22   12    9
 0.4418160420449481   22   22   12   12
 -0.1108954913226548   22   22   13    6
 0.4485209152902994   22   22   13   13
 -0.110895491322655   22   22   14    7
 0.4485209152902995   22   22   14   14
 -0.02392559139976876   22   22   15    2
 0.02662392311023407   22   22   15    8
 0.4951893303258201   22   22   15   15
 0.5498830193220967   22   22   16   16
 0.5275339568537792   22   22   17   17
 -0.04505593687526753   22   22   18    2
 -0.07717117049994332   22   22   18    8
 -1.266848208901348e-15   22   22   18    9
 -0.05240297531795067   22   22   18   15
 0.4662847601869241   22   22   18   18
 0.004495447111865814   22   22   19    3
 -0.003379350842214694   22   22   19   10
 0.526484736495228   22   22   19   19
 0.004495447111865824   22   22   20    4
 -0.003379350842214722   22   22   20   11
 0.526484736495228   22   22   20   20
 0.5215109982011285   22   22   21   21
 0.5466129252358126   22   22   22   22
 0.06444505880921492   23    1    1    1
 -0.007197509502276253   23    1    2    2
 0.01018182230336174   23    1    3    3
 0.01018182230336173   23    1    4    4
 0.03837238539691982   23    1    5    1
 0.01487845374152725   23    1    5    5
 -0.005999862288972313   23    1    6    6
 -0.005999862288972268   23    1    7    7
 -0.003010804332933998   23    1    8    2
 -0.0008742319740521196   23    1    8    8
 -0.0268021552436261   23    1    9    1
 -0.01447997700740863   23    1    9    5
 0.01476765160151108   23    1    9    9
 -0.00990900774816509   23    1   10    3
 0.008486968346893107   23    1   10   10
 -0.00990900774816506   23    1   11    4
 0.008486968346893119   23    1   11   11
 0.008456684097253014   23    1   12    1
 0.007577825604958846   23    1   12    5
 -0.007102555864409487   23    1   12    9
 -0.0003794696136219299   23    1   12   12
 0.0001948761755597723   23    1   13    6
 -0.0006688473127346485   23    1   13   13
 0.0001948761755598097   23    1   14    7
 -0.0006688473127346158   23    1   14   14
 -0.0008252724193680753   23    1   15    2
 0.003253024322583129   23    1   15    8
 0.007914118132244616   23    1   15   15
 0.0002526204585807807   23    1   16   16
 0.0002526204585808639   23    1   17   17
 0.0008631921124874475   23    1   18    2
 -0.002522151572060666   23    1   18    8
 -1.059613998708453e-15   23    1   18   12
 -0.01308068399134536   23    1   18   15
 0.01023003440073561   23    1   18   18
 0.02269504799428831   23    1   19    3
 -0.01203011622652481   23    1   19   10
 0.01373743725601311   23    1   19   19
 0.02269504799428833   23    1   20    4
 -0.0120301162265248   23    1   20   11
 0.01373743725601306   23    1   20   20
 -0.01157433536957591   23    1   21   21
 -0.01157433536957604   23    1   22   22
 0.03697295149702397   23    1   23    1
 -0.003523655216290172   23    2    2    1
 -0.03117442044103688   23    2    5    2
 -0.009891564175741323   23    2    6    4
 -0.00989156417574134   23    2    7    3
 -0.008057509377134816   23    2    8    1
 0.008204808251167716   23    2    8    5
 -0.01140082534999747   23    2    9    2
 0.01444365623940484   23    2    9    8
 0.006762090928806556   23    2   10    7
 0.006762090928806559   23    2   11    6
 0.01340390462943624   23    2   12    2
 0.0100710956325948   23    2   12    8
 0.00894974121694824   23    2   13    4
 -0.005167111743490517   23    2   13   11
 0.008949741216948267   23    2   14    3
 -0.005167111743490631   23    2   14   10
 -0.01299250871752061   23    2   15    1
 0.03181165627952446   23    2   15    5
 -0.003485746302727   23    2   15    9
 -0.02175833343682328   23    2   15   12
 0.01397022800452791   23    2   18    1
 -0.01139685092625751   23    2   18    5
 -0.003616240558490405   23    2   18    9
 0.00947114661602717   23    2   18   12
 -0.008559549946629918   23    2   19    7
 0.002188512056643682   23    2   19   14
 -0.008559549946629934   23    2   20    6
 0.002188512056643694   23    2   20   13
 -0.01734209378130551   23    2   21   17
 -0.01734209378130558   23    2   22   16
 0.04049729806087143   23    2   23    2
 -0.02194781674743142   23    3    3    1
 0.0132101142616995   23    3    5    3
 -0.02450546463830182   23    3    7    2
 -0.0108912657208581   23    3    8    7
 -0.007754223353228505   23    3    9    3
 0.007580727733875889   23    3   10    1
 -0.0005283329445394009   23    3   10    5
 -0.0003123529822998004   23    3   10    9
 -0.003743190565590228   23    3   12    3
 0.01243820259278296   23    3   12   10
 0.0128657528807476   23    3   14    2
 0.01065333358017092   23    3   14    8
 -0.01127611692867224   23    3   15    7
 -0.001153856643828732   23    3   15   14
 0.02081996245459037   23    3   16    3
 -0.003417429272263352   23    3   16   10
 -0.02081996245459037   23    3   17    4
 0.00341742927226334   23    3   17   11
 0.01072817570690389   23    3   18    7
 -0.01872964092791305   23    3   18   14
 0.002299668209699956   23    3   19    1
 -0.0140127446342339   23    3   19    5
 -0.00141033927971297   23    3   19    9
 0.008335279621334676   23    3   19   12
 -0.00479763484236518   23    3   19   16
 0.004797634842365179   23    3   20   17
 -0.02172888665605263   23    3   21    6
 0.01024748564458127   23    3   21   13
 0.02172888665605261   23    3   22    7
 -0.01024748564458129   23    3   22   14
 0.01985178035694393   23    3   23    3
 -0.02194781674743142   23    4    4    1
 0.0132101142616995   23    4    5    4
 -0.02450546463830182   23    4    6    2
 -0.01089126572085805   23    4    8    6
 -0.007754223353228508   23    4    9    4
 0.00758072773387589   23    4   11    1
 -0.0005283329445394013   23    4   11    5
 -0.0003123529822997974   23    4   11    9
 -0.003743190565590243   23    4   12    4
 0.01243820259278298   23    4   12   11
 0.01286575288074761   23    4   13    2
 0.01065333358017087   23    4   13    8
 -0.01127611692867222   23    4   15    6
 -0.001153856643828743   23    4   15   13
 -0.02081996245459036   23    4   16    4
 0.003417429272263327   23    4   16   11
 -0.02081996245459037   23    4   17    3
 0.003417429272263352   23    4   17   10
 0.01072817570690394   23    4   18    6
 -0.01872964092791315   23    4   18   13
 0.004797634842365182   23    4   19   17
 0.00229966820969995   23    4   20    1
 -0.0140127446342339   23    4   20    5
 -0.001410339279712965   23    4   20    9
 0.008335279621334695   23    4   20   12
 0.004797634842365175   23    4   20   16
 -0.02172888665605263   23    4   21    7
 0.01024748564458129   23    4   21   14
 -0.02172888665605263   23    4   22    6
 0.01024748564458124   23    4   22   13
 0.01985178035694396   23    4   23    4
 0.08411700429566445   23    5    1    1
 -0.02173884726225267   23    5    2    2
 0.04201230772197995   23    5    3    3
 0.04201230772197995   23    5    4    4
 0.03558818408062574   23    5    5    1
 -0.01530633667162679   23    5    5    5
 0.01483471160731106   23    5    6    6
 0.01483471160731107   23    5    7    7
 0.0140894721087431   23    5    8    2
 -0.01145543764973165   23    5    8    8
 -0.01522102463001971   23    5    9    1
 -0.02694664127237341   23    5    9    5
 0.008767860606399112   23    5    9    9
 -0.01946929147077472   23    5   10    3
 0.02419239494046626   23    5   10   10
 -0.01946929147077472   23    5   11    4
 0.02419239494046624   23    5   11   11
 0.007687925549643065   23    5   12    1
 0.02305033099357539   23    5   12    5
 -0.01938654649609395   23    5   12    9
 -0.006257651017004723   23    5   12   12
 -0.01386500953807585   23    5   13    6
 0.01651583613539031   23    5   13   13
 -0.01386500953807585   23    5   14    7
 0.01651583613539033   23    5   14   14
 0.03970750536511473   23    5   15    2
 0.01457686329762124   23    5   15    8
 -0.01049583858169124   23    5   15   15
 0.03884585730204548   23    5   16   16
 0.03884585730204548   23    5   17   17
 -0.02263235353583781   23    5   18    2
 -0.01127825088429484   23    5   18    8
 -0.008259278991059726   23    5   18   15
 0.02605681165355324   23    5   18   18
 0.02803421455742812   23    5   19    3
 -0.008310450906998775   23    5   19   10
 0.01364468324927432   23    5   19   19
 0.02803421455742811   23    5   20    4
 -0.008310450906998773   23    5   20   11
 0.01364468324927435   23    5   20   20
 0.02883465135665455   23    5   21   21
 0.02883465135665449   23    5   22   22
 0.01140202430153391   23    5   23    1
 0.05533319791816167   23    5   23    5
 -0.02179221358699017   23    6    4    2
 -0.01886835405253849   23    6    6    1
 0.01502028023796574   23    6    6    5
 -0.0121992316115471   23    6    8    4
 -0.004614727625963697   23    6    9    6
 0.005006936057406913   23    6   11    2
 0.006137586531888409   23    6   11    8
 -0.002937740726229822   23    6   12    6
 0.01304827256262697   23    6   13    1
 -0.004877848242041949   23    6   13    5
 0.002872643486562057   23    6   13    9
 0.01421755404330465   23    6   13   12
 -0.01244491905308924   23    6   15    4
 -0.002541481861142243   23    6   15   11
 -0.01872436004532631   23    6   16    6
 0.008969203408362152   23    6   16   13
 -0.0187243600453263   23    6   17    7
 0.008969203408362183   23    6   17   14
 0.01467106584768442   23    6   18    4
 -0.01608786911105241   23    6   18   11
 0.01327228913966539   23    6   20    2
 0.003955574508849993   23    6   20    8
 -0.002527306081319975   23    6   20   15
 -0.000765461288453011   23    6   20   18
 -0.0208654038604022   23    6   21    3
 0.003376026006699349   23    6   21   10
 0.008426241043915731   23    6   21   19
 -0.02086540386040221   23    6   22    4
 0.003376026006699335   23    6   22   11
 0.008426241043915716   23    6   22   20
 0.01958171134956346   23    6   23    6
 -0.02179221358699016   23    7    3    2
 -0.01886835405253849   23    7    7    1
 0.01502028023796573   23    7    7    5
 -0.01219923161154715   23    7    8    3
 -0.004614727625963699   23    7    9    7
 0.005006936057406904   23    7   10    2
 0.006137586531888324   23    7   10    8
 -0.002937740726229821   23    7   12    7
 0.01304827256262696   23    7   14    1
 -0.004877848242041961   23    7   14    5
 0.002872643486562052   23    7   14    9
 0.01421755404330455   23    7   14   12
 -0.01244491905308926   23    7   15    3
 -0.002541481861142293   23    7   15   10
 0.01872436004532629   23    7   16    7
 -0.008969203408362211   23    7   16   14
 -0.01872436004532628   23    7   17    6
 0.008969203408362172   23    7   17   13
 0.01467106584768435   23    7   18    3
 -0.01608786911105255   23    7   18   10
 0.01327228913966538   23    7   19    2
 0.003955574508849968   23    7   19    8
 -0.002527306081319996   23    7   19   15
 -0.0007654612884530305   23    7   19   18
 -0.02086540386040218   23    7   21    4
 0.003376026006699338   23    7   21   11
 0.008426241043915728   23    7   21   20
 0.0208654038604022   23    7   22    3
 -0.003376026006699349   23    7   22   10
 -0.008426241043915723   23    7   22   19
 0.0195817113495634   23    7   23    7
 -0.01619135204817996   23    8    2    1
 0.02714479437495994   23    8    5    2
 -0.02561115948178247   23    8    6    4
 1.167977744599176e-15   23    8    6    6
 -0.02561115948178274   23    8    7    3
 1.382101872751052e-15   23    8    7    7
 -0.009344614203879265   23    8    8    1
 -4.252198453443303e-15   23    8    8    2
 0.004239543671341075   23    8    8    5
 1.306751166509893e-14   23    8    8    8
 -0.002016846509229937   23    8    9    2
 -0.004060169064641741   23    8    9    8
 0.007631354300681382   23    8   10    7
 0.007631354300681409   23    8   11    6
 -0.01276235703214651   23    8   12    2
 -0.005699454919027067   23    8   12    8
 1.408899999419895e-15   23    8   12    9
 -2.550270659555443e-15   23    8   12   12
 0.01795346613634621   23    8   13    4
 -0.01707945246343599   23    8   13   11
 0.01795346613634622   23    8   14    3
 1.570048227491103e-15   23    8   14    7
 -0.01707945246343627   23    8   14   10
 -0.009595151352468944   23    8   15    1
 -1.344562749892611e-15   23    8   15    2
 -0.01221436935546162   23    8   15    5
 9.855345348926457e-15   23    8   15    8
 -0.0005095492304007291   23    8   15    9
 0.01319295455481677   23    8   15   12
 5.890441617191937e-15   23    8   15   15
 -2.339747176374379e-15   23    8   16    8
 0.01488865236320897   23    8   18    1
 -4.765321185701613e-15   23    8   18    2
 0.00451303534442403   23    8   18    5
 2.02763441131291e-14   23    8   18    8
 0.003211868455128014   23    8   18    9
 0.01155427205962364   23    8   18   12
 1.448379483129069e-14   23    8   18   15
 -2.724078149531532e-15   23    8   18   16
 3.142329708556409e-14   23    8   18   18
 0.01669393148354415   23    8   19    7
 -0.009553017901902191   23    8   19   14
 0.01669393148354393   23    8   20    6
 -0.009553017901902378   23    8   20   13
 -0.02975367777183829   23    8   21   17
 -1.989057743613612e-15   23    8   22    8
 -1.345876955599477e-15   23    8   22   15
 -0.02975367777183877   23    8   22   16
 -3.291659225246123e-15   23    8   22   18
 0.003911467540390548   23    8   23    2
 0.01204026817996546   23    8   23    8
 -0.08396372113673567   23    9    1    1
 -0.04822547438018207   23    9    2    2
 -0.05250185775132041   23    9    3    3
 -0.05250185775132039   23    9    4    4
 -0.01989659719283968   23    9    5    1
 -0.05719804308224834   23    9    5    5
 -0.04058055137255055   23    9    6    6
 -0.04058055137255069   23    9    7    7
 -0.009227464577108626   23    9    8    2
 -0.02086986888928179   23    9    8    8
 0.01860780818831587   23    9    9    1
 0.01243639276438902   23    9    9    5
 -0.02947218209658404   23    9    9    9
 0.02469841124216059   23    9   10    3
 -0.03001822427953067   23    9   10   10
 0.0246984112421605   23    9   11    4
 -0.03001822427953063   23    9   11   11
 -0.0146033213531741   23    9   12    1
 0.009880323067578588   23    9   12    5
 0.0001971139286424539   23    9   12    9
 -0.03017676162854554   23    9   12   12
 0.02331527946628832   23    9   13    6
 -0.03660262611838379   23    9   13   13
 0.02331527946628824   23    9   14    7
 -0.03660262611838399   23    9   14   14
 0.008824225732742746   23    9   15    2
 -0.005575162124203781   23    9   15    8
 -0.04737935620387735   23    9   15   15
 -0.047880859191777   23    9   16   16
 -0.04788085919177681   23    9   17   17
 0.007716916189390206   23    9   18    2
 0.01693792180196647   23    9   18    8
 0.01944335529351045   23    9   18   15
 -0.04451862739582763   23    9   18   18
 -0.002712849163980888   23    9   19    3
 0.006920677029246203   23    9   19   10
 -0.05491001667029131   23    9   19   19
 -0.00271284916398092   23    9   20    4
 0.006920677029246253   23    9   20   11
 -0.05491001667029125   23    9   20   20
 -0.04669800604229203   23    9   21   21
 -1.195710555192219e-15   23    9   22   18
 -0.04669800604229221   23    9   22   22
 -0.0116217925964582   23    9   23    1
 -0.006189159783224675   23    9   23    5
 0.02083370360099106   23    9   23    9
 0.01693717205150631   23   10    3    1
 -0.009575113187236856   23   10    5    3
 0.01692491083132632   23   10    7    2
 0.00663461386519493   23   10    8    7
 0.01055724537509121   23   10    9    3
 -0.001665602564642845   23   10   10    1
 -0.002710988193784353   23   10   10    5
 0.008426076820927424   23   10   10    9
 -0.003824382997797705   23   10   12    3
 -0.01798614567658807   23   10   12   10
 -0.006168267900243713   23   10   14    2
 -0.006669705008248233   23   10   14    8
 0.009581505543282435   23   10   15    7
 0.004608237578691881   23   10   15   14
 -0.0155460256492346   23   10   16    3
 -0.0002909667357254676   23   10   16   10
 0.01554602564923461   23   10   17    4
 0.0002909667357254834   23   10   17   11
 -0.003036829928806338   23   10   18    7
 0.01619488415982933   23   10   18   14
 0.001321223260008303   23   10   19    1
 0.009017090219800227   23   10   19    5
 0.005914585377481206   23   10   19    9
 -0.008922748572453475   23   10   19   12
 5.884806227990018e-05   23   10   19   16
 -5.884806227989818e-05   23   10   20   17
 0.01406145144047997   23   10   21    6
 -0.005204598632823609   23   10   21   13
 -0.01406145144047994   23   10   22    7
 0.005204598632823638   23   10   22   14
 -0.007878614074519794   23   10   23    3
 0.01169083866950719   23   10   23   10
 0.01693717205150632   23   11    4    1
 -0.009575113187236858   23   11    5    4
 0.0169249108313263   23   11    6    2
 0.006634613865194735   23   11    8    6
 0.01055724537509122   23   11    9    4
 -0.001665602564642852   23   11   11    1
 -0.002710988193784341   23   11   11    5
 0.008426076820927404   23   11   11    9
 -0.003824382997797669   23   11   12    4
 -0.01798614567658809   23   11   12   11
 -0.006168267900243753   23   11   13    2
 -0.006669705008248438   23   11   13    8
 0.009581505543282316   23   11   15    6
 0.004608237578691721   23   11   15   13
 0.01554602564923459   23   11   16    4
 0.0002909667357254965   23   11   16   11
 0.01554602564923461   23   11   17    3
 0.0002909667357254724   23   11   17   10
 -0.003036829928806663   23   11   18    6
 0.01619488415982904   23   11   18   13
 -5.884806227990486e-05   23   11   19   17
 0.001321223260008303   23   11   20    1
 0.009017090219800237   23   11   20    5
 0.005914585377481193   23   11   20    9
 -0.008922748572453516   23   11   20   12
 -5.88480622798912e-05   23   11   20   16
 0.01406145144047995   23   11   21    7
 -0.005204598632823628   23   11   21   14
 0.01406145144047996   23   11   22    6
 -0.005204598632823586   23   11   22   13
 -0.007878614074519811   23   11   23    4
 0.0116908386695072   23   11   23   11
 0.005251802112651732   23   12    1    1
 0.02547089656727924   23   12    2    2
 -0.0009026457417840676   23   12    3    3
 -0.0009026457417841074   23   12    4    4
 0.0005698650354512623   23   12    5    1
 0.03169758346769971   23   12    5    5
 0.005396635240647745   23   12    6    6
 0.005396635240647755   23   12    7    7
 -0.001909598126011266   23   12    8    2
 0.01357836359922291   23   12    8    8
 -0.007765325538353835   23   12    9    1
 0.001875189650666284   23   12    9    5
 0.005768726309386819   23   12    9    9
 -0.004321031847559543   23   12   10    3
 -0.003627030109509057   23   12   10   10
 -0.004321031847559531   23   12   11    4
 -0.003627030109508927   23   12   11   11
 0.00513864940577221   23   12   12    1
 -0.01596085712101832   23   12   12    5
 -1.498158004628664e-15   23   12   12    8
 0.01195351387948244   23   12   12    9
 0.01294338480704267   23   12   12   12
 -0.002442417452048705   23   12   13    6
 0.004431468504292583   23   12   13   13
 -0.002442417452048694   23   12   14    7
 0.004431468504292494   23   12   14   14
 -0.02388930998260226   23   12   15    2
 -0.00660946506655852   23   12   15    8
 0.02662315129207239   23   12   15   15
 -0.002608485929161876   23   12   16   16
 -0.002608485929161824   23   12   17   17
 0.006011583748809815   23   12   18    2
 0.001341319495717502   23   12   18    8
 1.312541174461524e-15   23   12   18    9
 -2.372705797066957e-15   23   12   18   12
 -0.00623271736571806   23   12   18   15
 0.003878741381698551   23   12   18   18
 -0.008794303493233195   23   12   19    3
 -0.0020460297721043   23   12   19   10
 0.01394579126766129   23   12   19   19
 -0.008794303493233171   23   12   20    4
 -0.002046029772104251   23   12   20   11
 0.0139457912676612   23   12   20   20
 0.0005946342784270917   23   12   21   21
 1.092600119565987e-15   23   12   22    8
 1.562185109700144e-15   23   12   22   18
 0.0005946342784268839   23   12   22   22
 0.00684557362126106   23   12   23    1
 -0.01753727798207837   23   12   23    5
 2.203046305087857e-15   23   12   23    8
 -0.006236503989774374   23   12   23    9
 0.0170751216146582   23   12   23   12
 0.01473712596580016   23   13    4    2
 0.01325761782212853   23   13    6    1
 -0.008874982669558152   23   13    6    5
 0.009146684292734308   23   13    8    4
 0.003628904050153826   23   13    9    6
 -0.0055810114171207   23   13   11    2
 -0.003934479931051129   23   13   11    8
 0.004777087703461519   23   13   12    6
 -0.0107718923224883   23   13   13    1
 0.004752416218183095   23   13   13    5
 -0.0002171190423331719   23   13   13    9
 -0.009635615442897179   23   13   13   12
 0.007440392530797854   23   13   15    4
 0.0002023847938694209   23   13   15   11
 0.0118011749704722   23   13   16    6
 -0.007221022402815616   23   13   16   13
 0.01180117497047221   23   13   17    7
 -0.00722102240281567   23   13   17   14
 -0.01229255563307609   23   13   18    4
 0.01251995856738356   23   13   18   11
 -0.008806597383073718   23   13   20    2
 -0.002671255183841691   23   13   20    8
 0.00305981578892882   23   13   20   15
 0.001508839681099056   23   13   20   18
 0.01353012228896088   23   13   21    3
 -0.003881691029473132   23   13   21   10
 -0.005003115473787809   23   13   21   19
 0.01353012228896085   23   13   22    4
 -0.003881691029473073   23   13   22   11
 -0.005003115473787799   23   13   22   20
 -0.01221946249639661   23   13   23    6
 0.01032416080408555   23   13   23   13
 0.01473712596580015   23   14    3    2
 0.01325761782212853   23   14    7    1
 -0.008874982669558154   23   14    7    5
 0.009146684292734245   23   14    8    3
 0.003628904050153869   23   14    9    7
 -0.005581011417120693   23   14   10    2
 -0.003934479931051059   23   14   10    8
 0.004777087703461492   23   14   12    7
 -0.01077189232248829   23   14   14    1
 0.004752416218183094   23   14   14    5
 -0.0002171190423330983   23   14   14    9
 -0.009635615442897203   23   14   14   12
 0.007440392530797817   23   14   15    3
 0.0002023847938694446   23   14   15   10
 -0.01180117497047218   23   14   16    7
 0.007221022402815653   23   14   16   14
 0.01180117497047224   23   14   17    6
 -0.007221022402815639   23   14   17   13
 -0.01229255563307617   23   14   18    3
 0.01251995856738364   23   14   18   10
 -0.008806597383073695   23   14   19    2
 -0.002671255183841489   23   14   19    8
 0.003059815788928864   23   14   19   15
 0.001508839681099273   23   14   19   18
 0.0135301222889609   23   14   21    4
 -0.003881691029473097   23   14   21   11
 -0.005003115473787813   23   14   21   20
 -0.01353012228896085   23   14   22    3
 0.003881691029473115   23   14   22   10
 0.005003115473787812   23   14   22   19
 -0.01221946249639657   23   14   23    7
 0.0103241608040856   23   14   23   14
 -0.04268829035028774   23   15    2    1
 0.1138769106007214   23   15    5    2
 -0.06635609291948405   23   15    6    4
 -0.0663560929194842   23   15    7    3
 -0.01734251145335807   23   15    8    1
 -1.699309061525393e-15   23   15    8    2
 0.0003689766052964072   23   15    8    5
 6.348690921644937e-15   23   15    8    8
 0.005603653887527702   23   15    9    2
 -0.04783574092154375   23   15    9    8
 0.006835342513206712   23   15   10    7
 0.006835342513206723   23   15   11    6
 -0.04847533646889459   23   15   12    2
 -0.04063790820997962   23   15   12    8
 1.142356944929805e-15   23   15   12    9
 -1.444642977143285e-15   23   15   12   12
 0.03703924374772125   23   15   13    4
 -0.05231638582254688   23   15   13   11
 0.03703924374772134   23   15   14    3
 -0.05231638582254718   23   15   14   10
 -0.01501296475353767   23   15   15    1
 -0.06674204493247671   23   15   15    5
 4.620180749438575e-15   23   15   15    8
 0.009281268253798842   23   15   15    9
 0.07371302826854234   23   15   15   12
 2.516789751129e-15   23   15   15   15
 -1.700429166174796e-15   23   15   16    8
 0.02570885950754614   23   15   18    1
 -1.965591906013073e-15   23   15   18    2
 0.02010373372223434   23   15   18    5
 8.299801393877519e-15   23   15   18    8
 0.001208597007246678   23   15   18    9
 0.02215088026217707   23   15   18   12
 5.615270389805269e-15   23   15   18   15
 -2.104117598018225e-15   23   15   18   16
 1.132903376397425e-14   23   15   18   18
 0.05726185148902586   23   15   19    7
 -0.03032187928967505   23   15   19   14
 0.05726185148902573   23   15   20    6
 -0.03032187928967509   23   15   20   13
 -0.06975175419846071   23   15   21   17
 -0.06975175419846114   23   15   22   16
 -1.010971174082307e-15   23   15   22   18
 -0.02392641145817587   23   15   23    2
 0.01559910195775956   23   15   23    8
 2.141923966149853e-15   23   15   23   12
 0.07022931844865529   23   15   23   15
 0.01333870187440065   23   16    3    3
 -0.01333870187440068   23   16    4    4
 -0.01308157964929108   23   16    6    6
 0.0130815796492911   23   16    7    7
 -0.00254447125690445   23   16   10    3
 0.006607440949576427   23   16   10   10
 0.002544471256904476   23   16   11    4
 -0.006607440949576401   23   16   11   11
 0.005261360794542776   23   16   13    6
 -0.008772999539615925   23   16   13   13
 -0.005261360794542809   23   16   14    7
 0.008772999539615882   23   16   14   14
 -0.01543016728545533   23   16   16    1
 0.01035150005403227   23   16   16    5
 -0.007499709962658188   23   16   16    9
 0.0005336583852513787   23   16   16   12
 1.216199667131383e-15   23   16   18   18
 -0.003105978204773074   23   16   19    3
 0.0009780319594135706   23   16   19   10
 0.008689333137603792   23   16   19   19
 0.003105978204773085   23   16   20    4
 -0.0009780319594135459   23   16   20   11
 -0.008689333137603865   23   16   20   20
 -0.01911605056451394   23   16   22    2
 -0.01043625980082685   23   16   22    8
 -0.01224198010276293   23   16   22   15
 0.007808704651567169   23   16   22   18
 0.01651252121783002   23   16   23   16
 -0.01333870187440063   23   17    4    3
 -0.01308157964929111   23   17    7    6
 0.002544471256904457   23   17   10    4
 0.002544471256904457   23   17   11    3
 -0.006607440949576368   23   17   11   10
 0.005261360794542712   23   17   13    7
 0.005261360794542712   23   17   14    6
 -0.008772999539615897   23   17   14   13
 -0.01543016728545532   23   17   17    1
 0.01035150005403228   23   17   17    5
 -0.007499709962658174   23   17   17    9
 0.0005336583852512542   23   17   17   12
 0.003105978204773067   23   17   19    4
 -0.0009780319594135231   23   17   19   11
 0.003105978204773067   23   17   20    3
 -0.0009780319594135233   23   17   20   10
 -0.008689333137603776   23   17   20   19
 -0.01911605056451391   23   17   21    2
 -0.01043625980082664   23   17   21    8
 -0.01224198010276283   23   17   21   15
 0.00780870465156758   23   17   21   18
 0.01651252121783019   23   17   23   17
 1.029593218934316e-15   23   18    1    1
 0.03667691626326934   23   18    2    1
 1.190557785151246e-15   23   18    4    4
 -0.08085323393284254   23   18    5    2
 1.336887880699051e-15   23   18    5    5
 0.05822815280206146   23   18    6    4
 1.953725804136849e-15   23   18    6    6
 0.05822815280206108   23   18    7    3
 2.157221211149989e-15   23   18    7    7
 0.01679817241186001   23   18    8    1
 -5.604040146971433e-15   23   18    8    2
 0.002513720126583144   23   18    8    5
 6.445470114118054e-15   23   18    8    8
 -0.005580943657938758   23   18    9    2
 0.04135832925302915   23   18    9    8
 1.444731846527336e-15   23   18    9    9
 -0.009155848415722454   23   18   10    7
 -0.009155848415722364   23   18   11    6
 1.230409421676985e-15   23   18   11   11
 0.03219046364722693   23   18   12    2
 0.03376605509288285   23   18   12    8
 2.408411903390669e-15   23   18   12    9
 -3.149294179476189e-15   23   18   12   12
 -0.0350543574455747   23   18   13    4
 0.04833955150079134   23   18   13   11
 -0.03505435744557457   23   18   14    3
 2.100181105615761e-15   23   18   14    7
 0.04833955150079097   23   18   14   10
 1.541128550003312e-15   23   18   14   14
 0.01690102028503394   23   18   15    1
 -1.610028645456029e-15   23   18   15    2
 0.04117941002945489   23   18   15    5
 8.527670746073463e-15   23   18   15    8
 -0.005988601978916517   23   18   15    9
 -0.04845604906905691   23   18   15   12
 4.861340312289735e-15   23   18   15   15
 -4.609271609642337e-15   23   18   16    8
 -2.04651945491377e-15   23   18   16   15
 -0.02822113141712597   23   18   18    1
 -6.569761351588758e-15   23   18   18    2
 -0.01232129012431392   23   18   18    5
 1.196783447793052e-14   23   18   18    8
 0.001905970388494835   23   18   18    9
 -0.02217940586980202   23   18   18   12
 1.209027309336849e-14   23   18   18   15
 -5.944682557316655e-15   23   18   18   16
 2.108130218094403e-14   23   18   18   18
 -0.04320915877809783   23   18   19    7
 0.0240555198920244   23   18   19   14
 -0.0432091587780982   23   18   20    6
 0.02405551989202421   23   18   20   13
 0.05984008390029172   23   18   21   17
 -2.259573972010682e-15   23   18   22    8
 -1.484149278865437e-15   23   18   22   15
 0.0598400839002905   23   18   22   16
 -3.501882297869188e-15   23   18   22   18
 0.006174329168615645   23   18   23    2
 -0.01462491599641114   23   18   23    8
 3.459406177921299e-15   23   18   23   12
 -0.04621041234311406   23   18   23   15
 0.04043388220132562   23   18   23   18
 0.03018270122790954   23   19    3    1
 -0.001642591536227967   23   19    5    3
 0.0141266411323667   23   19    7    2
 0.009200436282811152   23   19    8    7
 0.007605649084114659   23   19    9    3
 -0.01237920156828087   23   19   10    1
 -0.006006796300264954   23   19   10    5
 0.009556174880155876   23   19   10    9
 -0.0022491361680408   23   19   12    3
 -0.01476098597589278   23   19   12   10
 -0.006214546198961203   23   19   14    2
 -0.006160774125960304   23   19   14    8
 0.01424758940020812   23   19   15    7
 -0.001134729250314847   23   19   15   14
 -0.02062468202457896   23   19   16    3
 0.00283701062243462   23   19   16   10
 0.02062468202457896   23   19   17    4
 -0.002837010622434629   23   19   17   11
 -0.008042078812395079   23   19   18    7
 0.01730723070181325   23   19   18   14
 0.01695854167186469   23   19   19    1
 0.008688650226094781   23   19   19    5
 0.0004296256337239144   23   19   19    9
 -0.004039943593873174   23   19   19   12
 -0.005643373594722084   23   19   19   16
 0.005643373594722082   23   19   20   17
 0.01536033750923384   23   19   21    6
 -0.006257449326789778   23   19   21   13
 -0.01536033750923383   23   19   22    7
 0.006257449326789757   23   19   22   14
 -0.007588696007837379   23   19   23    3
 0.004351793373371106   23   19   23   10
 0.01730957067083527   23   19   23   19
 0.03018270122790954   23   20    4    1
 -0.001642591536227968   23   20    5    4
 0.01412664113236669   23   20    6    2
 0.009200436282810996   23   20    8    6
 0.007605649084114663   23   20    9    4
 -0.01237920156828088   23   20   11    1
 -0.006006796300264951   23   20   11    5
 0.009556174880155878   23   20   11    9
 -0.002249136168040784   23   20   12    4
 -0.0147609859758928   23   20   12   11
 -0.006214546198961206   23   20   13    2
 -0.006160774125960395   23   20   13    8
 0.01424758940020805   23   20   15    6
 -0.001134729250314894   23   20   15   13
 0.02062468202457895   23   20   16    4
 -0.002837010622434611   23   20   16   11
 0.02062468202457896   23   20   17    3
 -0.002837010622434633   23   20   17   10
 -0.008042078812395241   23   20   18    6
 0.01730723070181326   23   20   18   13
 0.005643373594722073   23   20   19   17
 0.01695854167186469   23   20   20    1
 0.008688650226094791   23   20   20    5
 0.0004296256337239235   23   20   20    9
 -0.00403994359387319   23   20   20   12
 0.005643373594722089   23   20   20   16
 0.01536033750923384   23   20   21    7
 -0.006257449326789782   23   20   21   14
 0.01536033750923386   23   20   22    6
 -0.006257449326789734   23   20   22   13
 -0.007588696007837392   23   20   23    4
 0.004351793373371118   23   20   23   11
 0.01730957067083529   23   20   23   20
 -0.01423516400602026   23   21    6    3
 -0.01423516400602026   23   21    7    4
 0.001865133355892022   23   21   10    6
 0.001865133355892023   23   21   11    7
 0.007491156756737397   23   21   13    3
 -0.007708433062557382   23   21   13   10
 0.007491156756737398   23   21   14    4
 -0.007708433062557382   23   21   14   11
 -0.01906979118387291   23   21   17    2
 -0.01079507753154887   23   21   17    8
 -0.01296391048720985   23   21   17   15
 0.008873383621050694   23   21   18   17
 0.006457573550288214   23   21   19    6
 -0.003358048168064839   23   21   19   13
 0.006457573550288212   23   21   20    7
 -0.003358048168064837   23   21   20   14
 -0.01812758849338356   23   21   21    1
 0.01410455788222953   23   21   21    5
 -0.00799195825853434   23   21   21    9
 -0.0005730987572648817   23   21   21   12
 0.0214079850395569   23   21   23   21
 -0.01423516400602029   23   22    6    4
 0.01423516400602026   23   22    7    3
 5.823527839743996e-15   23   22    8    8
 -0.001865133355891989   23   22   10    7
 0.001865133355892038   23   22   11    6
 0.007491156756737419   23   22   13    4
 -0.00770843306255749   23   22   13   11
 -0.007491156756737363   23   22   14    3
 0.007708433062557299   23   22   14   10
 2.141853428376146e-15   23   22   15    8
 -0.0190697911838729   23   22   16    2
 -0.01079507753154945   23   22   16    8
 -0.01296391048721005   23   22   16   15
 7.262076347283384e-15   23   22   18    8
 -1.209225005684196e-15   23   22   18   12
 2.466435880022204e-15   23   22   18   15
 0.008873383621049854   23   22   18   16
 8.949405880812344e-15   23   22   18   18
 -0.006457573550288196   23   22   19    7
 0.003358048168064835   23   22   19   14
 0.006457573550288228   23   22   20    6
 -0.003358048168064873   23   22   20   13
 -0.01812758849338355   23   22   22    1
 0.01410455788222949   23   22   22    5
 -0.007991958258534245   23   22   22    9
 -0.0005730987572647917   23   22   22   12
 0.02140798503955671   23   22   23   22
 0.5826285136888193   23   23    1    1
 0.5128128759284697   23   23    2    2
 0.5157449557827871   23   23    3    3
 0.5157449557827871   23   23    4    4
 0.04071059402185551   23   23    5    1
 0.5291127347267662   23   23    5    5
 0.4640187303856536   23   23    6    6
 0.4640187303856534   23   23    7    7
 0.06048951488750594   23   23    8    2
 0.3506489835619589   23   23    8    8
 -0.0357632415645624   23   23    9    1
 -0.05545314006612879   23   23    9    5
 0.4021603342443272   23   23    9    9
 -0.09156976445843476   23   23   10    3
 0.4226881281868416   23   23   10   10
 -0.09156976445843477   23   23   11    4
 0.4226881281868416   23   23   11   11
 0.04772446346593662   23   23   12    1
 -0.07623646553640241   23   23   12    5
 -0.01557189591808056   23   23   12    9
 0.4451784300261037   23   23   12   12
 -0.1122094006823064   23   23   13    6
 0.4425229945611084   23   23   13   13
 -0.1122094006823066   23   23   14    7
 0.4425229945611085   23   23   14   14
 -0.06278761190938617   23   23   15    2
 0.01743560509628565   23   23   15    8
 -1.035779645146903e-15   23   23   15    9
 0.5130388617401663   23   23   15   15
 0.5015476238213686   23   23   16   16
 0.5015476238213691   23   23   17   17
 -0.03500594020025167   23   23   18    2
 -0.07377976736477086   23   23   18    8
 3.394316153366769e-15   23   23   18   12
 -0.06744290222733891   23   23   18   15
 0.4623276687516893   23   23   18   18
 -0.001539069181759076   23   23   19    3
 -0.005306887722509899   23   23   19   10
 0.5239399884465485   23   23   19   19
 -0.001539069181759135   23   23   20    4
 -0.005306887722509913   23   23   20   11
 0.5239399884465485   23   23   20   20
 0.4961106639889885   23   23   21   21
 -1.102767033729954e-15   23   23   22   18
 0.4961106639889882   23   23   22   22
 0.01403286393382609   23   23   23    1
 -0.004154140629661576   23   23   23    5
 2.09756589837171e-15   23   23   23    8
 -0.05711571404853966   23   23   23    9
 0.02108792085028168   23   23   23   12
 0.522757784215287   23   23   23   23
 0.00991761304838527   24    1    4    2
 0.01601418371188883   24    1    6    1
 0.002110819443386311   24    1    6    5
 0.009913637475457013   24    1    8    4
 0.002062015696940282   24    1    9    6
 -0.005980637176367235   24    1   11    2
 -0.004567514180128244   24    1   11    8
 0.002398508896806595   24    1   12    6
 -0.01578716850089589   24    1   13    1
 -0.002369678161859358   24    1   13    5
 0.003170513615169115   24    1   13    9
 -0.005723767977093896   24    1   13   12
 0.01461024472958631   24    1   15    4
 -0.006353524046034725   24    1   15   11
 0.009430953958502016   24    1   16    6
 -0.007194672792449156   24    1   16   13
 0.009430953958502032   24    1   17    7
 -0.00719467279244913   24    1   17   14
 -0.01918135417745099   24    1   18    4
 0.01556917473382352   24    1   18   11
 0.00463972460027263   24    1   20    2
 0.001705197229797367   24    1   20    8
 0.00407058698208708   24    1   20   15
 -0.003503696005883396   24    1   20   18
 0.01235617423862145   24    1   21    3
 -0.005271954337790177   24    1   21   10
 0.00427321555965792   24    1   21   19
 0.01235617423862146   24    1   22    4
 -0.005271954337790197   24    1   22   11
 0.004273215559657905   24    1   22   20
 -0.009430181167862282   24    1   23    6
 0.007588571393184663   24    1   23   13
 0.02095757090042948   24    1   24    1
 -0.001571779820590576   24    2    4    1
 0.02147639846108433   24    2    5    4
 -0.03010409725441504   24    2    6    2
 0.0003111366801322123   24    2    8    6
 -0.0002832778473570644   24    2    9    4
 -0.004223921698883488   24    2   11    1
 0.0009517154517739055   24    2   11    5
 0.005968168301009758   24    2   11    9
 -0.00461993161868382   24    2   12    4
 0.01088625015511667   24    2   12   11
 0.008155322298930465   24    2   13    2
 0.01000820363355045   24    2   13    8
 0.004315903001734922   24    2   15    6
 -0.01524854571383411   24    2   15   13
 -0.007118949361715389   24    2   16    4
 -0.002783621532235942   24    2   16   11
 -0.00711894936171539   24    2   17    3
 -0.00278362153223593   24    2   17   10
 -0.008491918734434365   24    2   18    6
 -0.005257533138098567   24    2   18   13
 0.0172110453139248   24    2   19   17
 0.01562703697328908   24    2   20    1
 -0.03567036503286416   24    2   20    5
 -0.00351394584487113   24    2   20    9
 0.01293999946562141   24    2   20   12
 0.01721104531392479   24    2   20   16
 -0.01580364542829456   24    2   21    7
 0.003179517056270162   24    2   21   14
 -0.01580364542829457   24    2   22    6
 0.003179517056270139   24    2   22   13
 0.002695795155766389   24    2   23    4
 -0.001717641910730546   24    2   23   11
 0.007153441774191544   24    2   23   20
 0.03853506966090953   24    2   24    2
 0.003472158138778652   24    3    6    3
 0.003472158138778652   24    3    7    4
 -0.002328361276958719   24    3   10    6
 -0.002328361276958719   24    3   11    7
 -0.00334493003275681   24    3   13    3
 0.003216193058489331   24    3   13   10
 -0.00334493003275681   24    3   14    4
 0.003216193058489331   24    3   14   11
 0.001646455587592264   24    3   17    2
 0.003227801351451903   24    3   17    8
 0.00558785044464887   24    3   17   15
 -0.005936950173404884   24    3   18   17
 0.003362087941386333   24    3   19    6
 -0.001092363185578963   24    3   19   13
 0.003362087941386333   24    3   20    7
 -0.001092363185578962   24    3   20   14
 0.006017550451474299   24    3   21    1
 0.002333393018415948   24    3   21    5
 0.002382798633870853   24    3   21    9
 -0.0007620928189973849   24    3   21   12
 -0.003909862436469189   24    3   23   21
 0.00677013877332419   24    3   24    3
 0.009004716560990845   24    4    2    1
 0.01462453354630346   24    4    5    2
 0.01997974225622674   24    4    6    4
 0.01303542597866943   24    4    7    3
 0.01320672058060482   24    4    8    1
 -0.003451129132258686   24    4    8    5
 0.007913291137471669   24    4    9    2
 -0.008492152977343789   24    4    9    8
 -0.0133272483198422   24    4   10    7
 -0.01798397087375962   24    4   11    6
 0.0006749158558174626   24    4   12    2
 -0.003232293947536922   24    4   12    8
 -0.02356831487500142   24    4   13    4
 0.0199656749127117   24    4   13   11
 -0.01687845480948776   24    4   14    3
 0.01353328879573294   24    4   14   10
 0.02288258202026847   24    4   15    1
 -0.001066973058544976   24    4   15    5
 -0.00293558158772496   24    4   15    9
 0.006983195903693032   24    4   15   12
 0.001646455587592283   24    4   16    2
 0.003227801351452154   24    4   16    8
 0.00558785044464895   24    4   16   15
 -0.03084356323165334   24    4   18    1
 -0.0004444211944652374   24    4   18    5
 0.007773977863329834   24    4   18    9
 -0.01021713130228555   24    4   18   12
 -0.005936950173404652   24    4   18   16
 0.007814240432456364   24    4   19    7
 -0.0001464580099083106   24    4   19   14
 0.014538416315229   24    4   20    6
 -0.002331184381066206   24    4   20   13
 0.01486250824269011   24    4   21   17
 0.006017550451474299   24    4   22    1
 0.002333393018415928   24    4   22    5
 0.002382798633870811   24    4   22    9
 -0.0007620928189973871   24    4   22   12
 0.01486250824268997   24    4   22   16
 -0.01668332438615656   24    4   23    2
 -0.004028250952615744   24    4   23    8
 0.005535776572512947   24    4   23   15
 0.003357304017502934   24    4   23   18
 -0.003909862436469225   24    4   23   22
 0.03530649982581602   24    4   24    4
 0.02935648828975817   24    5    4    2
 0.01910927760767703   24    5    6    1
 -0.03231174333556023   24    5    6    5
 0.008693376634673159   24    5    8    4
 -0.002882185624693144   24    5    9    6
 -0.001305624897544214   24    5   11    2
 -0.009756025935440815   24    5   11    8
 0.006113369743132318   24    5   12    6
 -0.01146855488525407   24    5   13    1
 0.008746087053381441   24    5   13    5
 -0.006772630387559434   24    5   13    9
 -0.02270305679026469   24    5   13   12
 0.003257037465323472   24    5   15    4
 0.006637921675169051   24    5   15   11
 0.02018808807428945   24    5   16    6
 -0.007643477301632701   24    5   16   13
 0.02018808807428944   24    5   17    7
 -0.007643477301632718   24    5   17   14
 -0.007125115197812339   24    5   18    4
 0.0169803989422174   24    5   18   11
 -0.04172875834622871   24    5   20    2
 -0.003401559738688439   24    5   20    8
 0.01734764406925821   24    5   20   15
 -0.008906354119915177   24    5   20   18
 0.01996595113086181   24    5   21    3
 -0.000774426029792196   24    5   21   10
 -0.01933138108652664   24    5   21   19
 0.01996595113086182   24    5   22    4
 -0.0007744260297922108   24    5   22   11
 -0.01933138108652666   24    5   22   20
 -0.007011506251676703   24    5   23    6
 0.004851761613745919   24    5   23   13
 -0.0008535046079777175   24    5   24    1
 0.04100695701243234   24    5   24    5
 0.06795693520363565   24    6    1    1
 -0.02598921964286745   24    6    2    2
 0.03022557447203495   24    6    3    3
 0.03904875125654704   24    6    4    4
 0.03101040627886498   24    6    5    1
 -0.01957659157175322   24    6    5    5
 0.001407601825977024   24    6    6    6
 0.002715095936915013   24    6    7    7
 0.01173364359723186   24    6    8    2
 -0.01436960249828756   24    6    8    8
 -0.008975536685034835   24    6    9    1
 -0.02302958737595533   24    6    9    5
 0.006027247217008685   24    6    9    9
 -0.01814675094837497   24    6   10    3
 0.01945826210388697   24    6   10   10
 -0.02227869830648747   24    6   11    4
 0.02595923088633555   24    6   11   11
 0.005039440965602398   24    6   12    1
 0.01356287091443736   24    6   12    5
 -0.0196268624307871   24    6   12    9
 -0.004139066725244896   24    6   12   12
 -0.01596233633382788   24    6   13    6
 0.01535802682242475   24    6   13   13
 -0.01363966969147619   24    6   14    7
 0.01194842952770548   24    6   14   14
 0.02434433132459399   24    6   15    2
 0.01337494305864734   24    6   15    8
 -0.001210442423688886   24    6   15   15
 0.006126887841535007   24    6   16    1
 0.004546232759953602   24    6   16    5
 0.003007968120554765   24    6   16    9
 -0.001955239867346663   24    6   16   12
 0.02507513357968513   24    6   16   16
 0.02507513357968507   24    6   17   17
 -0.02100619510552162   24    6   18    2
 -0.01088655435499024   24    6   18    8
 -0.01384632841460692   24    6   18   15
 0.02239911949778448   24    6   18   18
 0.02825534201628629   24    6   19    3
 -0.003500169048894461   24    6   19   10
 0.001591421226889708   24    6   19   19
 0.04025755475275921   24    6   20    4
 -0.003598828283638103   24    6   20   11
 -0.003175835995640894   24    6   20   20
 0.008388705803904637   24    6   21   21
 -0.00284934013999098   24    6   22    2
 0.001761534909916766   24    6   22    8
 0.00417312727281209   24    6   22   15
 -0.004685362846354364   24    6   22   18
 0.008388705803904712   24    6   22   22
 0.007404156868108577   24    6   23    1
 0.02939005853943969   24    6   23    5
 -0.0004479813741610794   24    6   23    9
 -0.01188055526650302   24    6   23   12
 -0.001114893226400184   24    6   23   16
 -0.002953627948417999   24    6   23   23
 0.04659143312888708   24    6   24    6
 0.004411588392256074   24    7    4    3
 -0.0006537470554689879   24    7    7    6
 -0.002065973679056262   24    7   10    4
 -0.002065973679056262   24    7   11    3
 0.00325048439122429   24    7   11   10
 -0.001161333321175959   24    7   13    7
 -0.001161333321175958   24    7   14    6
 0.001704798647359407   24    7   14   13
 0.006126887841534993   24    7   17    1
 0.004546232759953639   24    7   17    5
 0.003007968120554772   24    7   17    9
 -0.001955239867346711   24    7   17   12
 0.006001106368236449   24    7   19    4
 -4.932961737181737e-05   24    7   19   11
 0.006001106368236448   24    7   20    3
 -4.932961737181544e-05   24    7   20   10
 -0.002383628611265323   24    7   20   19
 -0.002849340139991005   24    7   21    2
 0.001761534909916819   24    7   21    8
 0.004173127272812092   24    7   21   15
 -0.004685362846354231   24    7   21   18
 -0.001114893226400232   24    7   23   17
 0.007306687459676785   24    7   24    7
 0.01940332432612157   24    8    4    1
 -0.0005153284122071853   24    8    5    4
 0.009078186249376972   24    8    6    2
 0.003729967393428527   24    8    8    6
 0.004055473794794888   24    8    9    4
 -0.007856751396002195   24    8   11    1
 -0.005157319915007908   24    8   11    5
 0.004885172201564151   24    8   11    9
 -0.002446153850901269   24    8   12    4
 -0.008650604703880018   24    8   12   11
 -0.002453865693739435   24    8   13    2
 -0.004395391939974884   24    8   13    8
 0.008813037870347111   24    8   15    6
 -0.001971634630280879   24    8   15   13
 0.01302694779631334   24    8   16    4
 -0.001752508040728234   24    8   16   11
 0.01302694779631332   24    8   17    3
 -0.001752508040728136   24    8   17   10
 -1.086737531328601e-15   24    8   18    4
 -0.004373905260252109   24    8   18    6
 0.01110132298761241   24    8   18   13
 0.005207347904260643   24    8   19   17
 0.01096865239368328   24    8   20    1
 0.006413253416170506   24    8   20    5
 1.605856194788533e-15   24    8   20    8
 0.004039042750466474   24    8   20    9
 -0.001700857687624384   24    8   20   12
 0.00520734790426066   24    8   20   16
 2.071428583000871e-15   24    8   20   18
 0.008914977040089929   24    8   21    7
 -0.003326344472837139   24    8   21   14
 0.00891497704008995   24    8   22    6
 -0.003326344472837098   24    8   22   13
 -0.00361732590119174   24    8   23    4
 0.003870174507753058   24    8   23   11
 0.003511863956015335   24    8   23   20
 0.001937351519342615   24    8   24    2
 0.006145829505343166   24    8   24    8
 0.005712471821666031   24    9    4    2
 0.002889980466312874   24    9    6    1
 -0.007829621395686973   24    9    6    5
 0.000977297196294302   24    9    8    4
 0.0005514911688813816   24    9    9    6
 0.003204161875432039   24    9   11    2
 -0.000763674269650978   24    9   11    8
 -0.003829555532041499   24    9   12    6
 0.001529146422096907   24    9   13    1
 -0.0001628311548142503   24    9   13    5
 -0.002277706102557198   24    9   13    9
 -0.004090367463368334   24    9   13   12
 0.002697420963496915   24    9   15    4
 0.004698766394306072   24    9   15   11
 0.005194897536463203   24    9   16    6
 0.0001793495741664115   24    9   16   13
 0.005194897536463211   24    9   17    7
 0.0001793495741663448   24    9   17   14
 0.00286829706916571   24    9   18    4
 0.002859996227419935   24    9   18   11
 -0.006899254065121291   24    9   20    2
 0.001446949167929198   24    9   20    8
 0.001692845699276995   24    9   20   15
 -0.002650291097496409   24    9   20   18
 0.005216005894010496   24    9   21    3
 0.002220034992326874   24    9   21   10
 -0.00284787626762958   24    9   21   19
 0.005216005894010464   24    9   22    4
 0.002220034992326934   24    9   22   11
 -0.002847876267629551   24    9   22   20
 -0.001330463811898369   24    9   23    6
 0.00118579331357804   24    9   23   13
 -0.001666852282912842   24    9   24    1
 0.006288665216739726   24    9   24    5
 0.005763006390537134   24    9   24    9
 -0.002807033994329786   24   10    6    3
 -0.002807033994329785   24   10    7    4
 0.002568091111080001   24   10   10    6
 0.002568091111080003   24   10   11    7
 0.003455504294245451   24   10   13    3
 -0.001905081328250211   24   10   13   10
 0.003455504294245452   24   10   14    4
 -0.00190508132825021   24   10   14   11
 -0.002693401189272679   24   10   17    2
 -0.001539149331588542   24   10   17    8
 -0.001868307797287544   24   10   17   15
 0.003650328536883033   24   10   18   17
 0.0007420724304033356   24   10   19    6
 7.490322013040575e-05   24   10   19   13
 0.0007420724304033348   24   10   20    7
 7.490322013040645e-05   24   10   20   14
 -0.003786947798355945   24   10   21    1
 0.0008777762417768359   24   10   21    5
 0.0003906065255539742   24   10   21    9
 -0.001398034113432929   24   10   21   12
 0.0025331978281028   24   10   23   21
 -0.002162152817156682   24   10   24    3
 0.002927194040751558   24   10   24   10
 -0.01881228825209037   24   11    2    1
 0.02733186322551683   24   11    5    2
 -0.03289794016523893   24   11    6    4
 -0.02728387217657931   24   11    7    3
 -0.01325898680052453   24   11    8    1
 0.0001506886958977621   24   11    8    5
 2.192522977055327e-15   24   11    8    8
 0.0002980310210109163   24   11    9    2
 -0.008313777670117784   24   11    9    8
 0.01330888259544971   24   11   10    7
 0.01844506481760972   24   11   11    6
 -0.01624753860575275   24   11   12    2
 -0.01264719057957849   24   11   12    8
 0.03106147975032784   24   11   13    4
 -0.02789427482405201   24   11   13   11
 0.02415047116183693   24   11   14    3
 -0.02408411216755146   24   11   14   10
 -0.01888288699820554   24   11   15    1
 -0.02118741483201911   24   11   15    5
 1.670055679391442e-15   24   11   15    8
 0.009112754050378938   24   11   15    9
 0.01279143433021704   24   11   15   12
 -0.002693401189272715   24   11   16    2
 -0.001539149331589114   24   11   16    8
 -0.00186830779728775   24   11   16   15
 0.030340262672591   24   11   18    1
 0.008195251734458914   24   11   18    5
 4.457594073323865e-15   24   11   18    8
 -0.003831387085326871   24   11   18    9
 0.01259909730182077   24   11   18   12
 2.859119627068837e-15   24   11   18   15
 0.003650328536882416   24   11   18   16
 7.702726116693887e-15   24   11   18   18
 0.01481445783486632   24   11   19    7
 -0.009167497183096717   24   11   19   14
 0.01629860269567302   24   11   20    6
 -0.009017690742835878   24   11   20   13
 -0.02677135878599938   24   11   21   17
 -0.003786947798355953   24   11   22    1
 0.0008777762417768805   24   11   22    5
 0.0003906065255540171   24   11   22    9
 -0.001398034113432887   24   11   22   12
 -0.02677135878599924   24   11   22   16
 0.003431116278451244   24   11   23    2
 0.007936399532616122   24   11   23    8
 0.01446772002518268   24   11   23   15
 -0.01457503033339547   24   11   23   18
 0.002533197828102799   24   11   23   22
 -0.01429136321358684   24   11   24    4
 0.01978708883072979   24   11   24   11
 -0.009590200125634151   24   12    4    2
 -0.004226309024760663   24   12    6    1
 0.01195790261866284   24   12    6    5
 -0.002954819429701178   24   12    8    4
 -0.002368820085117748   24   12    9    6
 -1.32112791311423e-05   24   12   11    2
 0.001083637125565534   24   12   11    8
 -0.001474139269731642   24   12   12    6
 0.0003327642939373694   24   12   13    1
 -0.005477619496707227   24   12   13    5
 0.002253073618285973   24   12   13    9
 0.008701752638186922   24   12   13   12
 0.0007735348938288415   24   12   15    4
 -0.006544785861419163   24   12   15   11
 -0.006317089287847357   24   12   16    6
 0.00153570411015733   24   12   16   13
 -0.006317089287847371   24   12   17    7
 0.001535704110157303   24   12   17   14
 -0.001684976838026074   24   12   18    4
 -0.003680597629465432   24   12   18   11
 0.01415609556911081   24   12   20    2
 0.002892609532113683   24   12   20    8
 -0.007942118295112576   24   12   20   15
 0.0003640846655492028   24   12   20   18
 -0.006340900354385851   24   12   21    3
 -0.001082121874550545   24   12   21   10
 0.005963676653373394   24   12   21   19
 -0.006340900354385831   24   12   22    4
 -0.001082121874550561   24   12   22   11
 0.005963676653373348   24   12   22   20
 0.001393248191652472   24   12   23    6
 -0.0005520073378918087   24   12   23   13
 0.00325411108148492   24   12   24    1
 -0.01166591638766295   24   12   24    5
 -0.002446088491216756   24   12   24    9
 0.008752180542600418   24   12   24   12
 -0.1037468087068235   24   13    1    1
 -0.03061185588082721   24   13    2    2
 -0.0631518349058876   24   13    3    3
 -0.07069963873752433   24   13    4    4
 -0.02909891826392183   24   13    5    1
 -0.03857813995580321   24   13    5    5
 -0.04071321985546654   24   13    6    6
 -0.0390711342304674   24   13    7    7
 -0.01473253398097298   24   13    8    2
 -0.01484553969021865   24   13    8    8
 0.01789777141446499   24   13    9    1
 0.02134403218923998   24   13    9    5
 -0.02983622700191478   24   13    9    9
 0.03149701487321697   24   13   10    3
 -0.04150812384639477   24   13   10   10
 0.03892079867185432   24   13   11    4
 -0.04375476288850148   24   13   11   11
 -0.01530775517351608   24   13   12    1
 0.00334195910997384   24   13   12    5
 0.008010952239378198   24   13   12    9
 -0.0273909898922039   24   13   12   12
 0.03538803459374937   24   13   13    6
 -0.04699148854233851   24   13   13   13
 0.02958743314836655   24   13   14    7
 -0.0440232471966684   24   13   14   14
 -0.004840631735614613   24   13   15    2
 -0.01028528889427289   24   13   15    8
 -0.04206046128291435   24   13   15   15
 -0.004991027681998959   24   13   16    1
 -0.001895479662890056   24   13   16    5
 -0.0001203450779965977   24   13   16    9
 -0.000528162017396496   24   13   16   12
 -0.05448685119486007   24   13   16   16
 -0.05448685119486038   24   13   17   17
 0.02074482373956175   24   13   18    2
 0.02056074584563212   24   13   18    8
 0.02446918474756689   24   13   18   15
 -0.05461139104131576   24   13   18   18
 -0.01465381213668702   24   13   19    3
 0.004320733081357818   24   13   19   10
 -0.04702337808407014   24   13   19   19
 -0.0195473012971962   24   13   20    4
 0.00630076118668199   24   13   20   11
 -0.04829333250599014   24   13   20   20
 -0.04497170359446264   24   13   21   21
 -0.0003852557209108675   24   13   22    2
 -0.001260486895563198   24   13   22    8
 -0.002397887270665604   24   13   22   15
 0.004086943123616528   24   13   22   18
 -0.04497170359446223   24   13   22   22
 -0.006825280155790183   24   13   23    1
 -0.01911873881821416   24   13   23    5
 0.01201214678454364   24   13   23    9
 0.003555862326267991   24   13   23   12
 0.001685786541029839   24   13   23   16
 -0.04228456490968584   24   13   23   23
 -0.02519420559451048   24   13   24    6
 0.02983402267517423   24   13   24   13
 -0.003773901915818333   24   14    4    3
 -0.0008210428124995905   24   14    7    6
 0.003711891899318677   24   14   10    4
 0.003711891899318677   24   14   11    3
 -0.001123319521053313   24   14   11   10
 0.002900300722691361   24   14   13    7
 0.002900300722691362   24   14   14    6
 -0.001484120672835064   24   14   14   13
 -0.004991027681998989   24   14   17    1
 -0.001895479662890059   24   14   17    5
 -0.0001203450779966231   24   14   17    9
 -0.0005281620173964425   24   14   17   12
 -0.002446744580254581   24   14   19    4
 0.0009900140526620668   24   14   19   11
 -0.002446744580254582   24   14   20    3
 0.0009900140526620696   24   14   20   10
 -0.0006349772109599861   24   14   20   19
 -0.0003852557209108878   24   14   21    2
 -0.001260486895562808   24   14   21    8
 -0.002397887270665529   24   14   21   15
 0.004086943123616954   24   14   21   18
 0.001685786541029671   24   14   23   17
 -0.003158858540967879   24   14   24    7
 0.003653125268683844   24   14   24   14
 0.0467605354962102   24   15    4    1
 -0.0137339504962517   24   15    5    4
 0.03702583429667312   24   15    6    2
 0.01240788892263208   24   15    8    6
 0.0119922478107036   24   15    9    4
 -0.0170448842310255   24   15   11    1
 -0.00850302904815997   24   15   11    5
 0.0105925289319714   24   15   11    9
 0.0001320802650295212   24   15   12    4
 -0.02798487948480342   24   15   12   11
 -0.01574405259988051   24   15   13    2
 -0.0158799839726789   24   15   13    8
 0.01451169590459161   24   15   15    6
 0.007088649882645825   24   15   15   13
 0.03420663412695155   24   15   16    4
 -0.003853745228655098   24   15   16   11
 0.03420663412695156   24   15   17    3
 -0.003853745228655081   24   15   17   10
 -0.009125180326587668   24   15   18    6
 0.02906153847672381   24   15   18   13
 0.00340488352719923   24   15   19   17
 0.01725880436346637   24   15   20    1
 0.03444652183898573   24   15   20    5
 0.006660618355707709   24   15   20    9
 -0.01838017839961365   24   15   20   12
 0.003404883527199238   24   15   20   16
 0.02839670470314785   24   15   21    7
 -0.01148910652949837   24   15   21   14
 0.02839670470314783   24   15   22    6
 -0.01148910652949838   24   15   22   13
 -0.009525349022548006   24   15   23    4
 0.009740439069693786   24   15   23   11
 0.005948298925681689   24   15   23   20
 -0.01396502892312938   24   15   24    2
 0.007708690390976451   24   15   24    8
 0.03003590187248331   24   15   24   15
 -0.0003652863925811984   24   16    4    2
 0.004636324000454918   24   16    6    1
 0.007554311302029591   24   16    6    5
 0.003925006830497944   24   16    8    4
 0.002767616543845381   24   16    9    6
 -0.003064750192866065   24   16   11    2
 -6.666991753342957e-05   24   16   11    8
 -8.841293008128042e-05   24   16   12    6
 -0.0055326792337176   24   16   13    1
 -0.002302816628925496   24   16   13    5
 0.002819087365973282   24   16   13    9
 0.001765375494219694   24   16   13   12
 0.007253962835032088   24   16   15    4
 -0.004129928456231045   24   16   15   11
 0.00243469702248752   24   16   16    6
 -0.003533966299757853   24   16   16   13
 0.0001387130798361921   24   16   17    7
 -0.001235612574456232   24   16   17   14
 -0.008634051689364266   24   16   18    4
 0.00425684820125696   24   16   18   11
 0.011489715531882   24   16   20    2
 0.001957965585460794   24   16   20    8
 -0.0002168189575294118   24   16   20   15
 -3.064244296864751e-05   24   16   20   18
 0.001043284733017042   24   16   21    3
 -0.001541307377755156   24   16   21   10
 0.003607046606400753   24   16   21   19
 0.005400024028890317   24   16   22    4
 -0.00369825724452478   24   16   22   11
 0.01096400769516041   24   16   22   20
 -0.003522538293407717   24   16   23    6
 0.003171148947905933   24   16   23   13
 0.01162850327345867   24   16   24    1
 -0.009436250303144229   24   16   24    5
 -0.0009073592066717023   24   16   24    9
 0.003108508375412263   24   16   24   12
 0.01432667475128256   24   16   24   16
 -0.0003652863925811985   24   17    3    2
 0.004636324000454915   24   17    7    1
 0.007554311302029592   24   17    7    5
 0.003925006830498038   24   17    8    3
 0.002767616543845375   24   17    9    7
 -0.003064750192866055   24   17   10    2
 -6.666991753337135e-05   24   17   10    8
 -8.841293008132114e-05   24   17   12    7
 -0.005532679233717603   24   17   14    1
 -0.002302816628925489   24   17   14    5
 0.002819087365973269   24   17   14    9
 0.001765375494219667   24   17   14   12
 0.007253962835032125   24   17   15    3
 -0.004129928456231025   24   17   15   10
 -0.00013871307983619   24   17   16    7
 0.001235612574456239   24   17   16   14
 0.002434697022487511   24   17   17    6
 -0.003533966299757867   24   17   17   13
 -0.008634051689364148   24   17   18    3
 0.004256848201257007   24   17   18   10
 0.01148971553188199   24   17   19    2
 0.001957965585460683   24   17   19    8
 -0.0002168189575294482   24   17   19   15
 -3.064244296877155e-05   24   17   19   18
 0.005400024028890303   24   17   21    4
 -0.003698257244524771   24   17   21   11
 0.01096400769516043   24   17   21   20
 -0.001043284733017044   24   17   22    3
 0.001541307377755166   24   17   22   10
 -0.003607046606400757   24   17   22   19
 -0.003522538293407691   24   17   23    7
 0.003171148947905974   24   17   23   14
 0.01432667475128255   24   17   24   17
 -0.04430654827878965   24   18    4    1
 0.006445476920007172   24   18    5    4
 -0.02937922900416448   24   18    6    2
 -1.449070201360867e-15   24   18    8    4
 -0.009514230762693176   24   18    8    6
 -0.003922589806704816   24   18    9    4
 0.02214919103625988   24   18   11    1
 0.008770130815553187   24   18   11    5
 -0.004955481898644728   24   18   11    9
 -0.004003380418401459   24   18   12    4
 0.01786269785357298   24   18   12   11
 0.01316955910464147   24   18   13    2
 0.01512215291973289   24   18   13    8
 -0.01405409034509796   24   18   15    6
 0.00201426315586114   24   18   15   13
 -0.02912812548862577   24   18   16    4
 0.006852722829957244   24   18   16   11
 -0.02912812548862583   24   18   17    3
 0.006852722829957391   24   18   17   10
 -1.736088475634199e-15   24   18   18    4
 0.01351559124900635   24   18   18    6
 -0.02577587989535238   24   18   18   13
 -0.00381418669378337   24   18   19   17
 -0.01842884296786942   24   18   20    1
 -0.02778956075569971   24   18   20    5
 1.754865943980917e-15   24   18   20    8
 -0.004171004896298146   24   18   20    9
 0.008693256927144876   24   18   20   12
 -0.003814186693783378   24   18   20   16
 2.230020112921026e-15   24   18   20   18
 -0.02361855581832729   24   18   21    7
 0.01128843792185661   24   18   21   14
 -0.02361855581832729   24   18   22    6
 0.01128843792185656   24   18   22   13
 0.01072448977265987   24   18   23    4
 -0.006045041899391804   24   18   23   11
 -0.006956343619371722   24   18   23   20
 0.008270111322678695   24   18   24    2
 -0.009636860165666599   24   18   24    8
 -0.02193224214856643   24   18   24   15
 0.02592098328703487   24   18   24   18
 0.008636273188514926   24   19    6    3
 0.008636273188514926   24   19    7    4
 0.0007262143350049982   24   19   10    6
 0.0007262143350049976   24   19   11    7
 -0.003263597410943102   24   19   13    3
 0.004656089092021221   24   19   13   10
 -0.003263597410943102   24   19   14    4
 0.004656089092021219   24   19   14   11
 0.01328522891495008   24   19   17    2
 0.00480812314126413   24   19   17    8
 0.004821128967497372   24   19   17   15
 -0.001993171130794659   24   19   18   17
 -0.007583584614322711   24   19   19    6
 0.00243984159962276   24   19   19   13
 -0.00758358461432271   24   19   20    7
 0.002439841599622762   24   19   20   14
 0.009871862006717778   24   19   21    1
 -0.01202531118581879   24   19   21    5
 0.002431934004598183   24   19   21    9
 0.0009381536391734189   24   19   21   12
 -0.0071566349040852   24   19   23   21
 -0.001568188166040878   24   19   24    3
 -0.001874570382088783   24   19   24   10
 0.01320312798892594   24   19   24   19
 0.05895179197284108   24   20    2    1
 -0.1456725373186436   24   20    5    2
 0.1015908150486253   24   20    6    4
 0.08431826867159549   24   20    7    3
 0.02444638350939438   24   20    8    1
 0.00412721720004407   24   20    8    5
 2.24372249723915e-15   24   20    8    8
 -0.01142884605997942   24   20    9    2
 0.0660758556597362   24   20    9    8
 -0.003423592895552147   24   20   10    7
 -0.001971164225542161   24   20   11    6
 0.05096174260564389   24   20   12    2
 0.0537405580042628   24   20   12    8
 -0.04925164078807657   24   20   13    4
 0.07667762800130622   24   20   13   11
 -0.04272444596619047   24   20   14    3
 0.06736544981726403   24   20   14   10
 0.02641621172142646   24   20   15    1
 0.07115227742990038   24   20   15    5
 -0.01101189200307216   24   20   15    9
 -0.08687495236266682   24   20   15   12
 0.01328522891495011   24   20   16    2
 0.004808123141264175   24   20   16    8
 0.004821128967497406   24   20   16   15
 -0.03774540051548687   24   20   18    1
 -0.03045955582375346   24   20   18    5
 2.089142557728271e-15   24   20   18    8
 0.0008129604647081499   24   20   18    9
 -0.0347801708485611   24   20   18   12
 -0.001993171130794534   24   20   18   16
 1.418850714504632e-15   24   20   18   18
 -0.07256166927306393   24   20   19    7
 0.03413846382086771   24   20   19   14
 -0.08772883850170941   24   20   20    6
 0.03901814702011305   24   20   20   13
 0.1008499413301333   24   20   21   17
 0.009871862006717826   24   20   22    1
 -0.01202531118581884   24   20   22    5
 0.002431934004598196   24   20   22    9
 0.0009381536391732288   24   20   22   12
 0.1008499413301331   24   20   22   16
 0.0180597883067077   24   20   23    2
 -0.02079390786787261   24   20   23    8
 -0.07556471876274423   24   20   23   15
 0.05535770802990308   24   20   23   18
 -0.007156634904085053   24   20   23   22
 -0.01094637375334689   24   20   24    4
 -0.02305729865544417   24   20   24   11
 0.126771852902916   24   20   24   20
 0.01703172413395899   24   21    3    1
 0.007663716033209784   24   21    5    3
 -0.004269965031324096   24   21    7    2
 0.004748719130350493   24   21    8    7
 0.00516073759157636   24   21    9    3
 -0.008540403123465294   24   21   10    1
 -0.002398267600886219   24   21   10    5
 0.007177440673733363   24   21   10    9
 -0.003278856716680903   24   21   12    3
 -0.00335408982226951   24   21   12   10
 -0.0009183239810074963   24   21   14    2
 0.0002846338163727706   24   21   14    8
 0.007931914396604027   24   21   15    7
 -0.006882146140120346   24   21   15   14
 -0.006259619199998981   24   21   16    3
 0.002048635832990293   24   21   16   10
 0.0125140499385534   24   21   17    4
 -0.00414953255816689   24   21   17   11
 -0.0085826041208813   24   21   18    7
 0.006988687521744317   24   21   18   14
 0.01672766956424018   24   21   19    1
 -0.008611307414018759   24   21   19    5
 0.001492911183211536   24   21   19    9
 0.0008348089257745471   24   21   19   12
 -0.007523638184691961   24   21   19   16
 0.01777221565882341   24   21   20   17
 0.001360417596047777   24   21   21    6
 -0.003155129029032284   24   21   21   13
 -0.001318630652147513   24   21   22    7
 0.001666550642351252   24   21   22   14
 -0.002167478636874173   24   21   23    3
 0.002677091313479369   24   21   23   10
 0.005594932772229062   24   21   23   19
 0.01830342700187842   24   21   24   21
 0.01703172413395899   24   22    4    1
 0.007663716033209789   24   22    5    4
 -0.0042699650313241   24   22    6    2
 0.004748719130350429   24   22    8    6
 0.00516073759157636   24   22    9    4
 -0.008540403123465296   24   22   11    1
 -0.00239826760088623   24   22   11    5
 0.00717744067373337   24   22   11    9
 -0.003278856716680899   24   22   12    4
 -0.003354089822269521   24   22   12   11
 -0.0009183239810074721   24   22   13    2
 0.0002846338163729061   24   22   13    8
 0.007931914396603986   24   22   15    6
 -0.006882146140120284   24   22   15   13
 0.0125140499385534   24   22   16    4
 -0.004149532558166887   24   22   16   11
 0.006259619199998983   24   22   17    3
 -0.002048635832990283   24   22   17   10
 -0.008582604120881396   24   22   18    6
 0.00698868752174442   24   22   18   13
 0.007523638184691966   24   22   19   17
 0.01672766956424018   24   22   20    1
 -0.008611307414018787   24   22   20    5
 0.001492911183211549   24   22   20    9
 0.0008348089257745364   24   22   20   12
 0.0177722156588234   24   22   20   16
 0.001318630652147522   24   22   21    7
 -0.001666550642351252   24   22   21   14
 0.00136041759604779   24   22   22    6
 -0.003155129029032282   24   22   22   13
 -0.002167478636874174   24   22   23    4
 0.002677091313479362   24   22   23   11
 0.005594932772229073   24   22   23   20
 0.01797191627373361   24   22   24    2
 0.004892987965951574   24   22   24    8
 0.003169862074870832   24   22   24   15
 -0.00382947001297586   24   22   24   18
 0.0183034270018784   24   22   24   22
 -0.01245483455569077   24   23    4    2
 -0.008940168865942602   24   23    6    1
 0.01216572808085119   24   23    6    5
 -0.004280638413915268   24   23    8    4
 0.001346396064841565   24   23    9    6
 0.001945503067361095   24   23   11    2
 0.005188499114226151   24   23   11    8
 -0.003450566268348128   24   23   12    6
 0.006259157422109074   24   23   13    1
 -0.003904489298042011   24   23   13    5
 0.003429974522343686   24   23   13    9
 0.009323577858866424   24   23   13   12
 -0.001916944463083415   24   23   15    4
 -0.001203330833737246   24   23   15   11
 -0.008248859871828692   24   23   16    6
 0.00423330559804482   24   23   16   13
 -0.008248859871828679   24   23   17    7
 0.004233305598044796   24   23   17   14
 0.005892116023540653   24   23   18    4
 -0.007525219008526838   24   23   18   11
 0.01546669300348316   24   23   20    2
 -0.000181639975889959   24   23   20    8
 -0.009457914104644577   24   23   20   15
 0.004285787747964298   24   23   20   18
 -0.008920837610611075   24   23   21    3
 0.001775827531263221   24   23   21   10
 0.005054895213553493   24   23   21   19
 -0.008920837610611111   24   23   22    4
 0.001775827531263267   24   23   22   11
 0.005054895213553557   24   23   22   20
 0.002375063930555331   24   23   23    6
 -0.00305755408213132   24   23   23   13
 -0.002348595647991714   24   23   24    1
 -0.01614916295007179   24   23   24    5
 -0.004632007472459903   24   23   24    9
 0.004756714820496291   24   23   24   12
 0.000357605522434261   24   23   24   16
 0.01373994467152505   24   23   24   23
 0.5686113230124402   24   24    1    1
 0.5207687186943083   24   24    2    2
 0.4996584218087536   24   24    3    3
 0.5332506149199173   24   24    4    4
 0.02971816654905369   24   24    5    1
 0.5307047483562609   24   24    5    5
 0.4881346427749244   24   24    6    6
 0.4562104931339933   24   24    7    7
 0.05993006735952636   24   24    8    2
 -1.615071629207123e-15   24   24    8    5
 0.3525764593607551   24   24    8    8
 -0.02974975759329678   24   24    9    1
 -0.04854163201719332   24   24    9    5
 -1.877804683248415e-15   24   24    9    8
 0.3984804745053314   24   24    9    9
 -0.08773245680240579   24   24   10    3
 0.4117186544641921   24   24   10   10
 -0.09246101363057711   24   24   11    4
 0.433282222759421   24   24   11   11
 0.04554122208091015   24   24   12    1
 -0.07626388427167689   24   24   12    5
 -2.757282736867796e-15   24   24   12    8
 -0.01067747957862201   24   24   12    9
 0.4461109083392539   24   24   12   12
 -0.1153590055997589   24   24   13    6
 0.458550479658863   24   24   13   13
 -0.1070768293364877   24   24   14    7
 0.43575207063091   24   24   14   14
 -0.06017249259197961   24   24   15    2
 0.01469570013218331   24   24   15    8
 0.509478360742062   24   24   15   15
 0.01986118900991278   24   24   16    1
 -0.01164021157170741   24   24   16    5
 0.006504818568274921   24   24   16    9
 -0.001351059247062088   24   24   16   12
 0.5044659645821586   24   24   16   16
 0.5044659645821588   24   24   17   17
 -0.03215291668999197   24   24   18    2
 -1.667930680119934e-15   24   24   18    5
 -0.07449135497609632   24   24   18    8
 -1.820292879336692e-15   24   24   18    9
 -2.167833332415704e-15   24   24   18   12
 -0.06260605338237213   24   24   18   15
 0.4629384990259972   24   24   18   18
 -0.008570237665758032   24   24   19    3
 -0.004832886714616096   24   24   19   10
 0.5147943191816512   24   24   19   19
 -0.01156313547823809   24   24   20    4
 -0.00738331229045711   24   24   20   11
 0.5557317178603266   24   24   20   20
 0.501849132985023   24   24   21   21
 0.02206263186656351   24   24   22    2
 0.008557339254268864   24   24   22    8
 0.009410873002214054   24   24   22   15
 -0.004094752357797759   24   24   22   18
 0.5018491329850234   24   24   22   22
 0.004127842371548897   24   24   23    1
 -0.005048185420789397   24   24   23    5
 2.030652592383359e-15   24   24   23    8
 -0.05216746094893458   24   24   23    9
 0.01793849849907236   24   24   23   12
 -0.009029883282050762   24   24   23   16
 3.281487130219577e-15   24   24   23   18
 0.5071080605901513   24   24   23   23
 -0.01773527999077795   24   24   24    6
 -0.04115982993947176   24   24   24   13
 0.5467365962316763   24   24   24   24
 0.009917613048385268   25    1    3    2
 0.01601418371188883   25    1    7    1
 0.002110819443386308   25    1    7    5
 0.009913637475457027   25    1    8    3
 0.002062015696940281   25    1    9    7
 -0.005980637176367234   25    1   10    2
 -0.004567514180128271   25    1   10    8
 0.002398508896806584   25    1   12    7
 -0.01578716850089588   25    1   14    1
 -0.002369678161859365   25    1   14    5
 0.003170513615169107   25    1   14    9
 -0.00572376797709388   25    1   14   12
 0.01461024472958633   25    1   15    3
 -0.006353524046034757   25    1   15   10
 -0.009430953958502032   25    1   16    7
 0.007194672792449158   25    1   16   14
 0.009430953958502032   25    1   17    6
 -0.007194672792449129   25    1   17   13
 -0.01918135417745098   25    1   18    3
 0.01556917473382346   25    1   18   10
 0.004639724600272634   25    1   19    2
 0.001705197229797354   25    1   19    8
 0.004070586982087066   25    1   19   15
 -0.003503696005883438   25    1   19   18
 0.01235617423862145   25    1   21    4
 -0.005271954337790182   25    1   21   11
 0.004273215559657917   25    1   21   20
 -0.01235617423862146   25    1   22    3
 0.005271954337790186   25    1   22   10
 -0.004273215559657901   25    1   22   19
 -0.009430181167862296   25    1   23    7
 0.00758857139318464   25    1   23   14
 0.01162850327345868   25    1   24   17
 0.02095757090042948   25    1   25    1
 -0.001571779820590575   25    2    3    1
 0.02147639846108432   25    2    5    3
 -0.03010409725441504   25    2    7    2
 0.0003111366801321417   25    2    8    7
 -0.0002832778473570686   25    2    9    3
 -0.004223921698883483   25    2   10    1
 0.000951715451773903   25    2   10    5
 0.00596816830100975   25    2   10    9
 -0.004619931618683807   25    2   12    3
 0.01088625015511666   25    2   12   10
 0.008155322298930472   25    2   14    2
 0.01000820363355053   25    2   14    8
 0.00431590300173488   25    2   15    7
 -0.01524854571383409   25    2   15   14
 0.007118949361715393   25    2   16    3
 0.002783621532235935   25    2   16   10
 -0.007118949361715397   25    2   17    4
 -0.002783621532235931   25    2   17   11
 -0.008491918734434466   25    2   18    7
 -0.005257533138098488   25    2   18   14
 0.01562703697328909   25    2   19    1
 -0.03567036503286417   25    2   19    5
 -0.003513945844871136   25    2   19    9
 0.01293999946562145   25    2   19   12
 -0.01721104531392478   25    2   19   16
 0.0172110453139248   25    2   20   17
 -0.01580364542829457   25    2   21    6
 0.003179517056270161   25    2   21   13
 0.01580364542829457   25    2   22    7
 -0.003179517056270124   25    2   22   14
 0.002695795155766383   25    2   23    3
 -0.001717641910730539   25    2   23   10
 0.007153441774191527   25    2   23   19
 0.01797191627373361   25    2   24   21
 0.03853506966090953   25    2   25    2
 0.009004716560990847   25    3    2    1
 0.01462453354630344   25    3    5    2
 0.01303542597866944   25    3    6    4
 0.01997974225622675   25    3    7    3
 0.01320672058060491   25    3    8    1
 -0.003451129132258651   25    3    8    5
 0.007913291137471669   25    3    9    2
 -0.008492152977343721   25    3    9    8
 -0.01798397087375963   25    3   10    7
 -0.01332724831984217   25    3   11    6
 0.0006749158558174438   25    3   12    2
 -0.003232293947536617   25    3   12    8
 -0.01687845480948775   25    3   13    4
 0.013533288795733   25    3   13   11
 -0.0235683148750014   25    3   14    3
 0.01996567491271161   25    3   14   10
 0.02288258202026852   25    3   15    1
 -0.001066973058544936   25    3   15    5
 -0.00293558158772493   25    3   15    9
 0.00698319590369316   25    3   15   12
 -0.001646455587592261   25    3   16    2
 -0.003227801351451902   25    3   16    8
 -0.005587850444648825   25    3   16   15
 -0.03084356323165322   25    3   18    1
 -0.0004444211944651468   25    3   18    5
 -1.257626870266271e-15   25    3   18    8
 0.007773977863329913   25    3   18    9
 -0.01021713130228512   25    3   18   12
 0.005936950173404927   25    3   18   16
 -1.742543244150068e-15   25    3   18   18
 0.014538416315229   25    3   19    7
 -0.002331184381066227   25    3   19   14
 0.007814240432456376   25    3   20    6
 -0.0001464580099082826   25    3   20   13
 0.01486250824269011   25    3   21   17
 -0.00601755045147431   25    3   22    1
 -0.002333393018415935   25    3   22    5
 -0.002382798633870808   25    3   22    9
 0.0007620928189973472   25    3   22   12
 0.01486250824268996   25    3   22   16
 -0.01668332438615656   25    3   23    2
 -0.004028250952616153   25    3   23    8
 0.005535776572512735   25    3   23   15
 0.003357304017502295   25    3   23   18
 0.003909862436469204   25    3   23   22
 0.02176622227916764   25    3   24    4
 -0.009967057579273457   25    3   24   11
 -0.007809997421265049   25    3   24   20
 0.03530649982581602   25    3   25    3
 0.003472158138778652   25    4    6    3
 0.003472158138778652   25    4    7    4
 -0.002328361276958719   25    4   10    6
 -0.002328361276958719   25    4   11    7
 -0.003344930032756811   25    4   13    3
 0.003216193058489331   25    4   13   10
 -0.00334493003275681   25    4   14    4
 0.003216193058489332   25    4   14   11
 0.001646455587592264   25    4   17    2
 0.003227801351451909   25    4   17    8
 0.005587850444648872   25    4   17   15
 -0.005936950173404882   25    4   18   17
 0.003362087941386333   25    4   19    6
 -0.001092363185578962   25    4   19   13
 0.003362087941386334   25    4   20    7
 -0.001092363185578961   25    4   20   14
 0.006017550451474299   25    4   21    1
 0.002333393018415948   25    4   21    5
 0.002382798633870854   25    4   21    9
 -0.0007620928189973858   25    4   21   12
 -0.003909862436469186   25    4   23   21
 0.006770138773324191   25    4   24    3
 -0.002162152817156681   25    4   24   10
 -0.00156818816604088   25    4   24   19
 0.00677013877332419   25    4   25    4
 0.02935648828975815   25    5    3    2
 0.01910927760767702   25    5    7    1
 -0.03231174333556023   25    5    7    5
 0.008693376634673157   25    5    8    3
 -0.002882185624693139   25    5    9    7
 -0.001305624897544207   25    5   10    2
 -0.00975602593544083   25    5   10    8
 0.006113369743132304   25    5   12    7
 -0.01146855488525406   25    5   14    1
 0.008746087053381446   25    5   14    5
 -0.006772630387559432   25    5   14    9
 -0.02270305679026469   25    5   14   12
 0.003257037465323465   25    5   15    3
 0.006637921675169053   25    5   15   10
 -0.02018808807428946   25    5   16    7
 0.007643477301632712   25    5   16   14
 0.02018808807428945   25    5   17    6
 -0.007643477301632713   25    5   17   13
 -0.007125115197812337   25    5   18    3
 0.0169803989422174   25    5   18   10
 -0.0417287583462287   25    5   19    2
 -0.00340155973868846   25    5   19    8
 0.0173476440692582   25    5   19   15
 -0.00890635411991521   25    5   19   18
 0.01996595113086181   25    5   21    4
 -0.0007744260297922002   25    5   21   11
 -0.01933138108652665   25    5   21   20
 -0.01996595113086181   25    5   22    3
 0.00077442602979221   25    5   22   10
 0.01933138108652667   25    5   22   19
 -0.007011506251676721   25    5   23    7
 0.004851761613745879   25    5   23   14
 -0.009436250303144234   25    5   24   17
 -0.0008535046079777278   25    5   25    1
 0.04100695701243237   25    5   25    5
 0.004411588392256074   25    6    4    3
 -0.0006537470554689903   25    6    7    6
 -0.002065973679056261   25    6   10    4
 -0.002065973679056261   25    6   11    3
 0.003250484391224291   25    6   11   10
 -0.001161333321175962   25    6   13    7
 -0.001161333321175962   25    6   14    6
 0.001704798647359402   25    6   14   13
 0.006126887841534991   25    6   17    1
 0.004546232759953638   25    6   17    5
 0.003007968120554774   25    6   17    9
 -0.001955239867346709   25    6   17   12
 0.006001106368236448   25    6   19    4
 -4.932961737181468e-05   25    6   19   11
 0.006001106368236448   25    6   20    3
 -4.93296173718138e-05   25    6   20   10
 -0.002383628611265321   25    6   20   19
 -0.002849340139991004   25    6   21    2
 0.001761534909916827   25    6   21    8
 0.004173127272812091   25    6   21   15
 -0.004685362846354224   25    6   21   18
 -0.001114893226400231   25    6   23   17
 0.007306687459676786   25    6   24    7
 -0.003158858540967884   25    6   24   14
 0.007306687459676784   25    6   25    6
 0.0679569352036356   25    7    1    1
 -0.02598921964286746   25    7    2    2
 0.03904875125654705   25    7    3    3
 0.03022557447203495   25    7    4    4
 0.03101040627886497   25    7    5    1
 -0.01957659157175325   25    7    5    5
 0.002715095936915058   25    7    6    6
 0.001407601825977022   25    7    7    7
 0.0117336435972318   25    7    8    2
 -0.01436960249828693   25    7    8    8
 -0.008975536685034776   25    7    9    1
 -0.02302958737595529   25    7    9    5
 0.006027247217008549   25    7    9    9
 -0.02227869830648747   25    7   10    3
 0.02595923088633556   25    7   10   10
 -0.01814675094837493   25    7   11    4
 0.01945826210388697   25    7   11   11
 0.005039440965602419   25    7   12    1
 0.01356287091443737   25    7   12    5
 -0.01962686243078711   25    7   12    9
 -0.004139066725245047   25    7   12   12
 -0.01363966969147607   25    7   13    6
 0.0119484295277056   25    7   13   13
 -0.01596233633382798   25    7   14    7
 0.01535802682242461   25    7   14   14
 0.02434433132459397   25    7   15    2
 0.01337494305864757   25    7   15    8
 -0.001210442423688915   25    7   15   15
 -0.006126887841535004   25    7   16    1
 -0.004546232759953648   25    7   16    5
 -0.003007968120554795   25    7   16    9
 0.001955239867346649   25    7   16   12
 0.02507513357968501   25    7   16   16
 0.0250751335796851   25    7   17   17
 -0.02100619510552164   25    7   18    2
 -0.01088655435498942   25    7   18    8
 -0.01384632841460647   25    7   18   15
 0.02239911949778536   25    7   18   18
 0.0402575547527592   25    7   19    3
 -0.003598828283638109   25    7   19   10
 -0.003175835995640896   25    7   19   19
 0.0282553420162863   25    7   20    4
 -0.003500169048894461   25    7   20   11
 0.001591421226889684   25    7   20   20
 0.008388705803904642   25    7   21   21
 0.002849340139990955   25    7   22    2
 -0.001761534909917244   25    7   22    8
 -0.004173127272812268   25    7   22   15
 0.004685362846353685   25    7   22   18
 0.0083887058039045   25    7   22   22
 0.007404156868108617   25    7   23    1
 0.02939005853943965   25    7   23    5
 -0.0004479813741612323   25    7   23    9
 -0.0118805552665031   25    7   23   12
 0.001114893226400174   25    7   23   16
 -0.002953627948418194   25    7   23   23
 0.03197805820953355   25    7   24    6
 -0.01887648851257475   25    7   24   13
 -0.01013219955635355   25    7   24   24
 0.04659143312888712   25    7   25    7
 0.01940332432612154   25    8    3    1
 -0.0005153284122071758   25    8    5    3
 0.009078186249377005   25    8    7    2
 0.003729967393428694   25    8    8    7
 0.004055473794794885   25    8    9    3
 -0.007856751396002141   25    8   10    1
 -0.005157319915007923   25    8   10    5
 0.004885172201564161   25    8   10    9
 -0.002446153850901199   25    8   12    3
 -0.00865060470387982   25    8   12   10
 -0.002453865693739215   25    8   14    2
 -0.004395391939972597   25    8   14    8
 0.008813037870347155   25    8   15    7
 -0.001971634630280119   25    8   15   14
 -0.01302694779631324   25    8   16    3
 0.001752508040728174   25    8   16   10
 0.01302694779631329   25    8   17    4
 -0.001752508040728088   25    8   17   11
 -0.004373905260251878   25    8   18    7
 -1.475052341971196e-15   25    8   18   10
 0.01110132298761529   25    8   18   14
 0.01096865239368333   25    8   19    1
 0.006413253416170439   25    8   19    5
 0.004039042750466534   25    8   19    9
 -0.001700857687624169   25    8   19   12
 -0.005207347904260667   25    8   19   16
 1.028603295642634e-15   25    8   19   18
 0.005207347904260618   25    8   20   17
 0.008914977040089882   25    8   21    6
 -0.003326344472837055   25    8   21   13
 -0.008914977040089728   25    8   22    7
 0.003326344472837362   25    8   22   14
 -0.003617325901191757   25    8   23    3
 0.00387017450775331   25    8   23   10
 0.00351186395601526   25    8   23   19
 0.004892987965951336   25    8   24   21
 0.001937351519342605   25    8   25    2
 0.006145829505343865   25    8   25    8
 0.005712471821666023   25    9    3    2
 0.002889980466312869   25    9    7    1
 -0.007829621395686975   25    9    7    5
 0.0009772971962942478   25    9    8    3
 0.0005514911688814022   25    9    9    7
 0.003204161875432046   25    9   10    2
 -0.0007636742696510563   25    9   10    8
 -0.003829555532041519   25    9   12    7
 0.001529146422096894   25    9   14    1
 -0.0001628311548142529   25    9   14    5
 -0.002277706102557141   25    9   14    9
 -0.004090367463368361   25    9   14   12
 0.002697420963496904   25    9   15    3
 0.004698766394306041   25    9   15   10
 -0.005194897536463168   25    9   16    7
 -0.0001793495741663839   25    9   16   14
 0.005194897536463205   25    9   17    6
 0.000179349574166355   25    9   17   13
 0.002868297069165656   25    9   18    3
 0.00285999622741985   25    9   18   10
 -0.006899254065121288   25    9   19    2
 0.001446949167929215   25    9   19    8
 0.001692845699276998   25    9   19   15
 -0.002650291097496382   25    9   19   18
 0.005216005894010483   25    9   21    4
 0.002220034992326904   25    9   21   11
 -0.002847876267629564   25    9   21   20
 -0.005216005894010453   25    9   22    3
 -0.002220034992326904   25    9   22   10
 0.002847876267629564   25    9   22   19
 -0.001330463811898334   25    9   23    7
 0.00118579331357813   25    9   23   14
 -0.0009073592066717246   25    9   24   17
 -0.001666852282912859   25    9   25    1
 0.006288665216739746   25    9   25    5
 0.005763006390537171   25    9   25    9
 -0.01881228825209037   25   10    2    1
 0.02733186322551683   25   10    5    2
 -0.02728387217657935   25   10    6    4
 -0.03289794016523893   25   10    7    3
 -0.01325898680052444   25   10    8    1
 0.0001506886958977579   25   10    8    5
 5.509634664819757e-15   25   10    8    8
 0.0002980310210109248   25   10    9    2
 -0.008313777670118028   25   10    9    8
 0.01844506481760975   25   10   10    7
 0.01330888259544973   25   10   11    6
 -0.01624753860575278   25   10   12    2
 -0.01264719057957901   25   10   12    8
 0.02415047116183694   25   10   13    4
 -0.02408411216755151   25   10   13   11
 0.03106147975032786   25   10   14    3
 -0.0278942748240519   25   10   14   10
 -0.01888288699820548   25   10   15    1
 -0.02118741483201916   25   10   15    5
 2.898373484329271e-15   25   10   15    8
 0.009112754050378851   25   10   15    9
 0.01279143433021689   25   10   15   12
 1.332097020044668e-15   25   10   15   15
 0.002693401189272683   25   10   16    2
 0.001539149331588673   25   10   16    8
 0.001868307797287615   25   10   16   15
 0.03034026267259119   25   10   18    1
 0.008195251734458854   25   10   18    5
 8.351265767389885e-15   25   10   18    8
 -0.003831387085327169   25   10   18    9
 0.01259909730182013   25   10   18   12
 4.147616683042336e-15   25   10   18   15
 -0.003650328536882821   25   10   18   16
 1.173445439429208e-14   25   10   18   18
 0.01629860269567301   25   10   19    7
 -0.009017690742835848   25   10   19   14
 0.01481445783486629   25   10   20    6
 -0.009167497183096731   25   10   20   13
 -0.02677135878599942   25   10   21   17
 0.003786947798355929   25   10   22    1
 -0.0008777762417768413   25   10   22    5
 -0.0003906065255539785   25   10   22    9
 0.001398034113432881   25   10   22   12
 -0.02677135878599934   25   10   22   16
 0.003431116278451244   25   10   23    2
 0.007936399532616134   25   10   23    8
 0.01446772002518274   25   10   23   15
 -0.01457503033339541   25   10   23   18
 -0.002533197828102793   25   10   23   22
 -0.009967057579273443   25   10   24    4
 0.01393270074922674   25   10   24   11
 -0.01930815789126665   25   10   24   20
 -0.01429136321358684   25   10   25    3
 0.01978708883072981   25   10   25   10
 -0.002807033994329786   25   11    6    3
 -0.002807033994329786   25   11    7    4
 0.002568091111080001   25   11   10    6
 0.002568091111080003   25   11   11    7
 0.00345550429424545   25   11   13    3
 -0.001905081328250213   25   11   13   10
 0.003455504294245451   25   11   14    4
 -0.001905081328250208   25   11   14   11
 -0.002693401189272678   25   11   17    2
 -0.001539149331588551   25   11   17    8
 -0.001868307797287548   25   11   17   15
 0.003650328536883024   25   11   18   17
 0.0007420724304033344   25   11   19    6
 7.490322013040605e-05   25   11   19   13
 0.0007420724304033342   25   11   20    7
 7.490322013040567e-05   25   11   20   14
 -0.003786947798355946   25   11   21    1
 0.0008777762417768342   25   11   21    5
 0.0003906065255539738   25   11   21    9
 -0.001398034113432928   25   11   21   12
 0.002533197828102799   25   11   23   21
 -0.002162152817156683   25   11   24    3
 0.002927194040751556   25   11   24   10
 -0.001874570382088785   25   11   24   19
 -0.002162152817156681   25   11   25    4
 0.002927194040751561   25   11   25   11
 -0.009590200125634153   25   12    3    2
 -0.004226309024760668   25   12    7    1
 0.01195790261866284   25   12    7    5
 -0.002954819429701196   25   12    8    3
 -0.002368820085117735   25   12    9    7
 -1.32112791311583e-05   25   12   10    2
 0.001083637125565315   25   12   10    8
 -0.001474139269731711   25   12   12    7
 0.0003327642939373683   25   12   14    1
 -0.005477619496707239   25   12   14    5
 0.002253073618286   25   12   14    9
 0.008701752638186891   25   12   14   12
 0.0007735348938288284   25   12   15    3
 -0.006544785861419244   25   12   15   10
 0.006317089287847325   25   12   16    7
 -0.001535704110157378   25   12   16   14
 -0.006317089287847391   25   12   17    6
 0.001535704110157292   25   12   17   13
 -0.001684976838026122   25   12   18    3
 -0.003680597629465663   25   12   18   10
 0.01415609556911082   25   12   19    2
 0.002892609532113785   25   12   19    8
 -0.007942118295112521   25   12   19   15
 0.0003640846655493667   25   12   19   18
 -0.006340900354385862   25   12   21    4
 -0.001082121874550544   25   12   21   11
 0.005963676653373396   25   12   21   20
 0.006340900354385842   25   12   22    3
 0.001082121874550503   25   12   22   10
 -0.005963676653373353   25   12   22   19
 0.001393248191652487   25   12   23    7
 -0.0005520073378917994   25   12   23   14
 0.003108508375412241   25   12   24   17
 0.00325411108148493   25   12   25    1
 -0.01166591638766295   25   12   25    5
 -0.002446088491216767   25   12   25    9
 0.008752180542600362   25   12   25   12
 -0.003773901915818333   25   13    4    3
 -0.0008210428124995942   25   13    7    6
 0.003711891899318677   25   13   10    4
 0.003711891899318678   25   13   11    3
 -0.001123319521053311   25   13   11   10
 0.002900300722691354   25   13   13    7
 0.002900300722691355   25   13   14    6
 -0.001484120672835075   25   13   14   13
 -0.00499102768199899   25   13   17    1
 -0.001895479662890063   25   13   17    5
 -0.0001203450779966236   25   13   17    9
 -0.0005281620173964397   25   13   17   12
 -0.002446744580254582   25   13   19    4
 0.0009900140526620698   25   13   19   11
 -0.002446744580254583   25   13   20    3
 0.0009900140526620681   25   13   20   10
 -0.0006349772109599835   25   13   20   19
 -0.0003852557209108862   25   13   21    2
 -0.001260486895562815   25   13   21    8
 -0.002397887270665532   25   13   21   15
 0.004086943123616948   25   13   21   18
 0.001685786541029669   25   13   23   17
 -0.003158858540967886   25   13   24    7
 0.003653125268683831   25   13   24   14
 -0.003158858540967885   25   13   25    6
 0.003653125268683833   25   13   25   13
 -0.1037468087068235   25   14    1    1
 -0.03061185588082721   25   14    2    2
 -0.07069963873752436   25   14    3    3
 -0.06315183490588765   25   14    4    4
 -0.0290989182639218   25   14    5    1
 -0.03857813995580322   25   14    5    5
 -0.0390711342304674   25   14    6    6
 -0.04071321985546673   25   14    7    7
 -0.01473253398097309   25   14    8    2
 -0.01484553969022197   25   14    8    8
 0.01789777141446504   25   14    9    1
 0.02134403218923997   25   14    9    5
 1.365101161448951e-15   25   14    9    8
 -0.02983622700191492   25   14    9    9
 0.03892079867185429   25   14   10    3
 -0.04375476288850148   25   14   10   10
 0.03149701487321703   25   14   11    4
 -0.04150812384639481   25   14   11   11
 -0.01530775517351607   25   14   12    1
 0.003341959109973827   25   14   12    5
 0.008010952239378134   25   14   12    9
 -0.02739098989220417   25   14   12   12
 0.02958743314836661   25   14   13    6
 -0.04402324719666852   25   14   13   13
 0.03538803459374917   25   14   14    7
 -0.04699148854233862   25   14   14   14
 -0.004840631735614626   25   14   15    2
 -0.01028528889427445   25   14   15    8
 -0.04206046128291516   25   14   15   15
 0.004991027681999002   25   14   16    1
 0.001895479662890008   25   14   16    5
 0.000120345077996633   25   14   16    9
 0.0005281620173963753   25   14   16   12
 -0.05448685119486022   25   14   16   16
 -0.05448685119486043   25   14   17   17
 0.02074482373956179   25   14   18    2
 0.02056074584562771   25   14   18    8
 1.69789043601115e-15   25   14   18    9
 0.02446918474756492   25   14   18   15
 -0.05461139104132281   25   14   18   18
 -0.01954730129719621   25   14   19    3
 0.006300761186681966   25   14   19   10
 -0.04829333250599011   25   14   19   19
 -0.01465381213668701   25   14   20    4
 0.004320733081357786   25   14   20   11
 -0.04702337808407012   25   14   20   20
 -0.04497170359446272   25   14   21   21
 0.0003852557209108908   25   14   22    2
 0.001260486895562831   25   14   22    8
 0.002397887270665587   25   14   22   15
 -0.004086943123616927   25   14   22   18
 -0.0449717035944624   25   14   22   22
 -0.006825280155790114   25   14   23    1
 -0.01911873881821416   25   14   23    5
 1.162674790011261e-15   25   14   23    8
 0.0120121467845435   25   14   23    9
 0.00355586232626797   25   14   23   12
 -0.00168578654102983   25   14   23   16
 1.542905497214315e-15   25   14   23   18
 -0.04228456490968575   25   14   23   23
 -0.01887648851257475   25   14   24    6
 0.02252777213780669   25   14   24   13
 -0.03979162710885862   25   14   24   24
 -0.02519420559451051   25   14   25    7
 0.02983402267517428   25   14   25   14
 0.04676053549621019   25   15    3    1
 -0.01373395049625169   25   15    5    3
 0.03702583429667312   25   15    7    2
 0.01240788892263203   25   15    8    7
 0.0119922478107036   25   15    9    3
 -0.01704488423102547   25   15   10    1
 -0.008503029048159992   25   15   10    5
 0.01059252893197142   25   15   10    9
 0.0001320802650295483   25   15   12    3
 -0.02798487948480335   25   15   12   10
 -0.01574405259988041   25   15   14    2
 -0.01587998397267783   25   15   14    8
 0.01451169590459155   25   15   15    7
 0.007088649882646174   25   15   15   14
 -0.03420663412695151   25   15   16    3
 0.003853745228655101   25   15   16   10
 0.03420663412695156   25   15   17    4
 -0.003853745228655045   25   15   17   11
 -0.009125180326587748   25   15   18    7
 0.02906153847672525   25   15   18   14
 0.01725880436346638   25   15   19    1
 0.03444652183898571   25   15   19    5
 0.006660618355707752   25   15   19    9
 -0.01838017839961356   25   15   19   12
 -0.003404883527199243   25   15   19   16
 0.003404883527199205   25   15   20   17
 0.02839670470314785   25   15   21    6
 -0.01148910652949833   25   15   21   13
 -0.02839670470314773   25   15   22    7
 0.0114891065294985   25   15   22   14
 -0.009525349022548021   25   15   23    3
 0.009740439069693938   25   15   23   10
 0.005948298925681657   25   15   23   19
 0.003169862074870747   25   15   24   21
 -0.01396502892312943   25   15   25    2
 0.007708690390976581   25   15   25    8
 0.03003590187248332   25   15   25   15
 0.0003652863925812052   25   16    3    2
 -0.004636324000454914   25   16    7    1
 -0.007554311302029599   25   16    7    5
 -0.003925006830497907   25   16    8    3
 -0.002767616543845384   25   16    9    7
 0.003064750192866052   25   16   10    2
 6.666991753329586e-05   25   16   10    8
 8.84129300812692e-05   25   16   12    7
 0.005532679233717595   25   16   14    1
 0.002302816628925484   25   16   14    5
 -0.002819087365973266   25   16   14    9
 -0.001765375494219726   25   16   14   12
 -0.007253962835032063   25   16   15    3
 0.004129928456230985   25   16   15   10
 0.002434697022487508   25   16   16    7
 -0.003533966299757884   25   16   16   14
 -0.000138713079836188   25   16   17    6
 0.001235612574456232   25   16   17   13
 0.008634051689364318   25   16   18    3
 -0.004256848201257097   25   16   18   10
 -0.011489715531882   25   16   19    2
 -0.001957965585460816   25   16   19    8
 0.0002168189575293876   25   16   19   15
 3.064244296858812e-05   25   16   19   18
 -0.001043284733017044   25   16   21    4
 0.001541307377755154   25   16   21   11
 -0.003607046606400757   25   16   21   20
 0.005400024028890309   25   16   22    3
 -0.003698257244524793   25   16   22   10
 0.01096400769516041   25   16   22   19
 0.003522538293407703   25   16   23    7
 -0.00317114894790596   25   16   23   14
 -0.004513291209320439   25   16   24   17
 -0.01162850327345868   25   16   25    1
 0.009436250303144227   25   16   25    5
 0.0009073592066717177   25   16   25    9
 -0.003108508375412233   25   16   25   12
 0.01432667475128254   25   16   25   16
 -0.0003652863925811978   25   17    4    2
 0.004636324000454921   25   17    6    1
 0.007554311302029589   25   17    6    5
 0.003925006830497983   25   17    8    4
 0.002767616543845379   25   17    9    6
 -0.003064750192866058   25   17   11    2
 -6.666991753334158e-05   25   17   11    8
 -8.841293008131038e-05   25   17   12    6
 -0.005532679233717597   25   17   13    1
 -0.002302816628925485   25   17   13    5
 0.002819087365973252   25   17   13    9
 0.001765375494219697   25   17   13   12
 0.007253962835032099   25   17   15    4
 -0.004129928456231008   25   17   15   11
 0.0001387130798361965   25   17   16    6
 -0.001235612574456234   25   17   16   13
 0.002434697022487513   25   17   17    7
 -0.003533966299757874   25   17   17   14
 -0.008634051689364229   25   17   18    4
 0.004256848201257045   25   17   18   11
 0.011489715531882   25   17   20    2
 0.001957965585460757   25   17   20    8
 -0.0002168189575294188   25   17   20   15
 -3.064244296865731e-05   25   17   20   18
 0.005400024028890307   25   17   21    3
 -0.003698257244524782   25   17   21   10
 0.01096400769516043   25   17   21   19
 0.001043284733017049   25   17   22    4
 -0.001541307377755171   25   17   22   11
 0.003607046606400752   25   17   22   20
 -0.003522538293407714   25   17   23    6
 0.003171148947905949   25   17   23   13
 0.01162850327345869   25   17   24    1
 -0.009436250303144236   25   17   24    5
 -0.0009073592066717204   25   17   24    9
 0.003108508375412254   25   17   24   12
 0.00451329120932043   25   17   24   16
 0.000357605522434263   25   17   24   23
 0.01432667475128255   25   17   25   17
 -0.04430654827878966   25   18    3    1
 0.006445476920007189   25   18    5    3
 -0.02937922900416443   25   18    7    2
 -0.00951423076269314   25   18    8    7
 -0.003922589806704838   25   18    9    3
 0.02214919103625993   25   18   10    1
 0.008770130815553143   25   18   10    5
 -1.037761620187931e-15   25   18   10    8
 -0.004955481898644661   25   18   10    9
 -0.004003380418401311   25   18   12    3
 0.01786269785357314   25   18   12   10
 0.01316955910464173   25   18   14    2
 0.01512215291973554   25   18   14    8
 -0.01405409034509804   25   18   15    7
 0.002014263155861962   25   18   15   14
 0.02912812548862592   25   18   16    3
 -0.006852722829957326   25   18   16   10
 -0.02912812548862584   25   18   17    4
 0.006852722829957425   25   18   17   11
 0.01351559124900638   25   18   18    7
 -2.046509595038414e-15   25   18   18   10
 -0.02577587989534886   25   18   18   14
 -0.01842884296786937   25   18   19    1
 -0.02778956075569978   25   18   19    5
 -0.004171004896298046   25   18   19    9
 0.008693256927145133   25   18   19   12
 0.003814186693783331   25   18   19   16
 1.08424832966603e-15   25   18   19   18
 -0.003814186693783432   25   18   20   17
 -0.02361855581832734   25   18   21    6
 0.01128843792185665   25   18   21   13
 0.02361855581832753   25   18   22    7
 -0.01128843792185625   25   18   22   14
 0.01072448977265981   25   18   23    3
 -0.00604504189939134   25   18   23   10
 -0.006956343619371827   25   18   23   19
 -0.003829470012976139   25   18   24   21
 0.008270111322678655   25   18   25    2
 -0.009636860165665806   25   18   25    8
 -0.02193224214856626   25   18   25   15
 0.02592098328703538   25   18   25   18
 0.0589517919728411   25   19    2    1
 -0.1456725373186436   25   19    5    2
 0.08431826867159546   25   19    6    4
 0.1015908150486253   25   19    7    3
 0.02444638350939416   25   19    8    1
 0.004127217200044272   25   19    8    5
 3.386966159711177e-15   25   19    8    8
 -0.01142884605997946   25   19    9    2
 0.06607585565973595   25   19    9    8
 -0.001971164225542149   25   19   10    7
 -0.003423592895552183   25   19   11    6
 0.05096174260564408   25   19   12    2
 0.05374055800426297   25   19   12    8
 -0.0427244459661905   25   19   13    4
 0.06736544981726383   25   19   13   11
 -0.04925164078807653   25   19   14    3
 0.07667762800130624   25   19   14   10
 0.02641621172142624   25   19   15    1
 0.07115227742990045   25   19   15    5
 1.321854077869771e-15   25   19   15    8
 -0.01101189200307224   25   19   15    9
 -0.08687495236266701   25   19   15   12
 -0.01328522891495008   25   19   16    2
 -0.004808123141264112   25   19   16    8
 -0.004821128967497273   25   19   16   15
 -0.03774540051548734   25   19   18    1
 -0.03045955582375312   25   19   18    5
 3.663841813223594e-15   25   19   18    8
 0.0008129604647077701   25   19   18    9
 -0.03478017084856134   25   19   18   12
 1.389957475598539e-15   25   19   18   15
 0.001993171130794789   25   19   18   16
 3.544716895973085e-15   25   19   18   18
 -0.08772883850170939   25   19   19    7
 0.03901814702011305   25   19   19   14
 -0.07256166927306396   25   19   20    6
 0.03413846382086761   25   19   20   13
 0.1008499413301332   25   19   21   17
 -0.00987186200671776   25   19   22    1
 0.0120253111858188   25   19   22    5
 -0.002431934004598146   25   19   22    9
 -0.0009381536391734241   25   19   22   12
 0.1008499413301331   25   19   22   16
 0.01805978830670757   25   19   23    2
 -0.02079390786787222   25   19   23    8
 -0.07556471876274388   25   19   23   15
 0.05535770802990415   25   19   23   18
 0.007156634904085349   25   19   23   22
 -0.007809997421265143   25   19   24    4
 -0.01930815789126655   25   19   24   11
 0.1003655969250644   25   19   24   20
 -0.0109463737533469   25   19   25    3
 -0.0230572986554441   25   19   25   10
 0.126771852902916   25   19   25   19
 0.008636273188514926   25   20    6    3
 0.008636273188514926   25   20    7    4
 0.000726214335004998   25   20   10    6
 0.0007262143350049992   25   20   11    7
 -0.003263597410943103   25   20   13    3
 0.004656089092021218   25   20   13   10
 -0.003263597410943103   25   20   14    4
 0.004656089092021221   25   20   14   11
 0.01328522891495008   25   20   17    2
 0.004808123141264139   25   20   17    8
 0.004821128967497383   25   20   17   15
 -0.001993171130794644   25   20   18   17
 -0.007583584614322711   25   20   19    6
 0.002439841599622759   25   20   19   13
 -0.007583584614322713   25   20   20    7
 0.002439841599622757   25   20   20   14
 0.009871862006717778   25   20   21    1
 -0.01202531118581879   25   20   21    5
 0.002431934004598176   25   20   21    9
 0.0009381536391734115   25   20   21   12
 -0.007156634904085198   25   20   23   21
 -0.001568188166040881   25   20   24    3
 -0.001874570382088789   25   20   24   10
 0.01320312798892594   25   20   24   19
 -0.001568188166040879   25   20   25    4
 -0.001874570382088786   25   20   25   11
 0.01320312798892594   25   20   25   20
 0.01703172413395899   25   21    4    1
 0.007663716033209782   25   21    5    4
 -0.004269965031324093   25   21    6    2
 0.004748719130350452   25   21    8    6
 0.005160737591576372   25   21    9    4
 -0.008540403123465287   25   21   11    1
 -0.002398267600886224   25   21   11    5
 0.007177440673733345   25   21   11    9
 -0.003278856716680904   25   21   12    4
 -0.003354089822269514   25   21   12   11
 -0.0009183239810074739   25   21   13    2
 0.0002846338163730459   25   21   13    8
 0.007931914396604008   25   21   15    6
 -0.006882146140120243   25   21   15   13
 0.006259619199998982   25   21   16    4
 -0.002048635832990296   25   21   16   11
 0.0125140499385534   25   21   17    3
 -0.004149532558166896   25   21   17   10
 -0.008582604120881354   25   21   18    6
 0.006988687521744618   25   21   18   13
 0.01777221565882341   25   21   19   17
 0.01672766956424017   25   21   20    1
 -0.008611307414018769   25   21   20    5
 0.001492911183211538   25   21   20    9
 0.0008348089257745505   25   21   20   12
 0.007523638184691958   25   21   20   16
 0.001360417596047769   25   21   21    7
 -0.00315512902903227   25   21   21   14
 0.001318630652147508   25   21   22    6
 -0.001666550642351281   25   21   22   13
 -0.00216747863687417   25   21   23    4
 0.002677091313479375   25   21   23   11
 0.005594932772229062   25   21   23   20
 0.01797191627373362   25   21   24    2
 0.004892987965951373   25   21   24    8
 0.003169862074870711   25   21   24   15
 -0.003829470012976184   25   21   24   18
 0.007103079442595923   25   21   24   22
 0.01830342700187842   25   21   25   21
 -0.01703172413395897   25   22    3    1
 -0.007663716033209784   25   22    5    3
 0.004269965031324104   25   22    7    2
 -0.00474871913035044   25   22    8    7
 -0.005160737591576366   25   22    9    3
 0.008540403123465285   25   22   10    1
 0.002398267600886216   25   22   10    5
 -0.007177440673733371   25   22   10    9
 0.003278856716680903   25   22   12    3
 0.003354089822269471   25   22   12   10
 0.0009183239810074808   25   22   14    2
 -0.0002846338163730194   25   22   14    8
 -0.007931914396603972   25   22   15    7
 0.006882146140120247   25   22   15   14
 0.01251404993855339   25   22   16    3
 -0.004149532558166905   25   22   16   10
 -0.006259619199998974   25   22   17    4
 0.002048635832990282   25   22   17   11
 0.008582604120881373   25   22   18    7
 -0.00698868752174461   25   22   18   14
 -0.01672766956424016   25   22   19    1
 0.008611307414018773   25   22   19    5
 -0.001492911183211545   25   22   19    9
 -0.0008348089257745557   25   22   19   12
 0.0177722156588234   25   22   19   16
 -0.00752363818469197   25   22   20   17
 -0.001318630652147515   25   22   21    6
 0.001666550642351244   25   22   21   13
 0.001360417596047745   25   22   22    7
 -0.003155129029032299   25   22   22   14
 0.002167478636874179   25   22   23    3
 -0.002677091313479373   25   22   23   10
 -0.005594932772229041   25   22   23   19
 -0.007103079442595949   25   22   24   21
 -0.0179719162737336   25   22   25    2
 -0.004892987965951578   25   22   25    8
 -0.003169862074870868   25   22   25   15
 0.003829470012975756   25   22   25   18
 0.01830342700187835   25   22   25   22
 -0.01245483455569077   25   23    3    2
 -0.008940168865942606   25   23    7    1
 0.01216572808085119   25   23    7    5
 -0.004280638413915335   25   23    8    3
 0.001346396064841593   25   23    9    7
 0.001945503067361084   25   23   10    2
 0.005188499114225893   25   23   10    8
 -0.003450566268348065   25   23   12    7
 0.006259157422109069   25   23   14    1
 -0.003904489298041994   25   23   14    5
 0.003429974522343756   25   23   14    9
 0.009323577858866465   25   23   14   12
 -0.001916944463083443   25   23   15    3
 -0.001203330833737378   25   23   15   10
 0.008248859871828716   25   23   16    7
 -0.00423330559804484   25   23   16   14
 -0.008248859871828667   25   23   17    6
 0.004233305598044775   25   23   17   13
 0.00589211602354059   25   23   18    3
 -0.007525219008527232   25   23   18   10
 0.01546669300348315   25   23   19    2
 -0.00018163997588995   25   23   19    8
 -0.009457914104644596   25   23   19   15
 0.004285787747964302   25   23   19   18
 -0.008920837610611075   25   23   21    4
 0.001775827531263234   25   23   21   11
 0.005054895213553507   25   23   21   20
 0.008920837610611115   25   23   22    3
 -0.00177582753126325   25   23   22   10
 -0.005054895213553541   25   23   22   19
 0.002375063930555326   25   23   23    7
 -0.003057554082131253   25   23   23   14
 0.0003576055224342865   25   23   24   17
 -0.002348595647991717   25   23   25    1
 -0.01614916295007177   25   23   25    5
 -0.00463200747245986   25   23   25    9
 0.004756714820496494   25   23   25   12
 -0.0003576055224342756   25   23   25   16
 0.01373994467152501   25   23   25   23
 0.01679609655558179   25   24    4    3
 0.01596207482046578   25   24    7    6
 -0.002364278414085639   25   24   10    4
 -0.002364278414085638   25   24   11    3
 0.01078178414761448   25   24   11   10
 -0.004141088131635083   25   24   13    7
 -0.004141088131635082   25   24   14    6
 0.01139920451397738   25   24   14   13
 0.01986118900991275   25   24   17    1
 -0.01164021157170727   25   24   17    5
 0.006504818568274885   25   24   17    9
 -0.001351059247061723   25   24   17   12
 -0.001496448906240004   25   24   19    4
 -0.001275212787920477   25   24   19   11
 -0.001496448906240003   25   24   20    3
 -0.001275212787920473   25   24   20   10
 0.02046869933933781   25   24   20   19
 0.02206263186656351   25   24   21    2
 0.008557339254268298   25   24   21    8
 0.009410873002213674   25   24   21   15
 -0.004094752357798619   25   24   21   18
 -0.00902988328205113   25   24   23   17
 -0.003801540217212204   25   24   24    7
 -0.0006841014153063016   25   24   24   14
 -0.003801540217212211   25   24   25    6
 -0.0006841014153063149   25   24   25   13
 0.02171531367227964   25   24   25   24
 0.5686113230124401   25   25    1    1
 0.520768718694308   25   25    2    2
 0.5332506149199172   25   25    3    3
 0.4996584218087536   25   25    4    4
 0.02971816654905378   25   25    5    1
 0.5307047483562609   25   25    5    5
 0.4562104931339932   25   25    6    6
 0.4881346427749245   25   25    7    7
 0.05993006735952507   25   25    8    2
 0.3525764593607526   25   25    8    8
 -0.02974975759329668   25   25    9    1
 -0.04854163201719321   25   25    9    5
 0.3984804745053311   25   25    9    9
 -0.09246101363057715   25   25   10    3
 0.433282222759421   25   25   10   10
 -0.08773245680240591   25   25   11    4
 0.4117186544641924   25   25   11   11
 0.04554122208090987   25   25   12    1
 -0.07626388427167681   25   25   12    5
 -1.204924909457436e-15   25   25   12    8
 -0.01067747957862157   25   25   12    9
 0.446110908339253   25   25   12   12
 -0.1070768293364877   25   25   13    6
 0.4357520706309104   25   25   13   13
 -0.1153590055997586   25   25   14    7
 0.4585504796588634   25   25   14   14
 -0.06017249259198002   25   25   15    2
 0.01469570013218271   25   25   15    8
 -1.074160220822041e-15   25   25   15   12
 0.5094783607420609   25   25   15   15
 -0.01986118900991274   25   25   16    1
 0.01164021157170725   25   25   16    5
 -1.032071274276914e-15   25   25   16    8
 -0.006504818568274968   25   25   16    9
 0.001351059247061677   25   25   16   12
 0.5044659645821585   25   25   16   16
 0.5044659645821589   25   25   17   17
 -0.03215291668999316   25   25   18    2
 -0.07449135497609782   25   25   18    8
 -2.049471829930965e-15   25   25   18   12
 -0.06260605338237533   25   25   18   15
 -1.173865886170376e-15   25   25   18   16
 0.4629384990259912   25   25   18   18
 -0.0115631354782381   25   25   19    3
 -0.00738331229045701   25   25   19   10
 0.5557317178603266   25   25   19   19
 -0.008570237665758004   25   25   20    4
 -0.004832886714616006   25   25   20   11
 0.5147943191816512   25   25   20   20
 0.5018491329850232   25   25   21   21
 -0.02206263186656343   25   25   22    2
 -0.008557339254266282   25   25   22    8
 -0.009410873002212492   25   25   22   15
 0.004094752357801338   25   25   22   18
 0.5018491329850231   25   25   22   22
 0.004127842371549309   25   25   23    1
 -0.00504818542078961   25   25   23    5
 2.060227989806899e-15   25   25   23    8
 -0.05216746094893544   25   25   23    9
 0.0179384984990722   25   25   23   12
 0.009029883282051489   25   25   23   16
 3.470552914349706e-15   25   25   23   18
 0.5071080605901511   25   25   23   23
 -0.01013219955635335   25   25   24    6
 -0.03979162710885853   25   25   24   13
 0.5033059688871184   25   25   24   24
 -0.01773527999077799   25   25   25    7
 -0.04115982993947175   25   25   25   14
 0.5467365962316765   25   25   25   25
 0.02228503917354968   26    1    2    1
 -0.03309294090154175   26    1    5    2
 0.03664224611091169   26    1    6    4
 0.03664224611091172   26    1    7    3
 0.01994682756148609   26    1    8    1
 0.001183141177514232   26    1    8    5
 2.916748486395148e-15   26    1    8    8
 0.0005582915079881395   26    1    9    2
 0.006183041969175993   26    1    9    8
 -0.02432682351413908   26    1   10    7
 -0.02432682351413897   26    1   11    6
 0.02545042934273543   26    1   12    2
 0.01682719431829809   26    1   12    8
 -0.03860409014839879   26    1   13    4
 0.03902931360096221   26    1   13   11
 -0.03860409014839864   26    1   14    3
 0.03902931360096209   26    1   14   10
 0.03579021432968543   26    1   15    1
 0.04308938101480207   26    1   15    5
 -0.02255970020297059   26    1   15    9
 -0.01853397624261147   26    1   15   12
 -0.05259513305191359   26    1   18    1
 -0.01904732831100828   26    1   18    5
 4.091535838641895e-15   26    1   18    8
 0.01505480480374702   26    1   18    9
 -0.01788871940332605   26    1   18   12
 5.870647975205348e-15   26    1   18   18
 -0.01509710943514685   26    1   19    7
 0.01145351299808963   26    1   19   14
 -0.01509710943514684   26    1   20    6
 0.0114535129980897   26    1   20   13
 0.02333822936491343   26    1   21   17
 0.02333822936491402   26    1   22   16
 0.002747659364853502   26    1   23    2
 -0.005084968354967793   26    1   23    8
 -0.01393381164646037   26    1   23   15
 0.01259566888536199   26    1   23   18
 1.149934083176479e-15   26    1   23   23
 0.02091368665473292   26    1   24    4
 -0.02424741452357277   26    1   24   11
 0.02354519179495604   26    1   24   20
 0.02091368665473288   26    1   25    3
 -0.02424741452357286   26    1   25   10
 0.02354519179495607   26    1   25   19
 -1.039719698035923e-15   26    1   25   25
 0.06186270472474924   26    1   26    1
 -0.02237412379474493   26    2    1    1
 0.007143480021081569   26    2    2    2
 -0.02067837541738075   26    2    3    3
 -0.02067837541738076   26    2    4    4
 -0.006050567377734645   26    2    5    1
 0.009895168425711164   26    2    5    5
 -0.01047768275672239   26    2    6    6
 -0.01047768275672227   26    2    7    7
 -0.01454334962786505   26    2    8    2
 0.01143512508092497   26    2    8    8
 -0.002528045571003416   26    2    9    1
 0.01741565008388001   26    2    9    5
 0.001358337904862851   26    2    9    9
 0.007493736162410477   26    2   10    3
 -0.01314572663485596   26    2   10   10
 0.007493736162410325   26    2   11    4
 -0.0131457266348559   26    2   11   11
 -0.0007316583013651695   26    2   12    1
 -0.00142393453277106   26    2   12    5
 -1.429032159012008e-15   26    2   12    8
 0.008758167739827459   26    2   12    9
 -0.004181515112004516   26    2   12   12
 0.01067368066222286   26    2   13    6
 -0.01252241251126203   26    2   13   13
 0.01067368066222297   26    2   14    7
 -0.01252241251126237   26    2   14   14
 -0.01494849359721831   26    2   15    2
 -0.004028211125050216   26    2   15    8
 -0.001482793782938414   26    2   15   15
 -0.02066388489826725   26    2   16   16
 -0.02066388489826743   26    2   17   17
 0.01503430667506584   26    2   18    2
 0.004884011388778338   26    2   18    8
 -1.951175523913397e-15   26    2   18   12
 -0.003098612388281817   26    2   18   15
 -0.008251991127975283   26    2   18   18
 -0.005977041885060391   26    2   19    3
 -0.004240226691384534   26    2   19   10
 -0.002317420107032291   26    2   19   19
 -0.005977041885060443   26    2   20    4
 -0.004240226691384481   26    2   20   11
 -0.002317420107032183   26    2   20   20
 -0.01876500000730967   26    2   21   21
 2.134007090555804e-15   26    2   22    8
 2.606226359880647e-15   26    2   22   18
 -0.01876500000730917   26    2   22   22
 0.006772762709901209   26    2   23    1
 -0.02694459180109416   26    2   23    5
 -0.005239365413657322   26    2   23    9
 0.01062483413504093   26    2   23   12
 0.01131143703539974   26    2   23   23
 -0.01530241670346708   26    2   24    6
 0.006369652127432399   26    2   24   13
 0.009751751967239639   26    2   24   24
 -0.01530241670346717   26    2   25    7
 0.006369652127432473   26    2   25   14
 0.009751751967238192   26    2   25   25
 0.02626749659448826   26    2   26    2
 -0.00653836848137369   26    3    3    2
 -0.0006992525792344708   26    3    7    1
 0.00919438056721735   26    3    7    5
 -0.002043786847241236   26    3    8    3
 -0.004991202553847842   26    3    9    7
 -0.0008148520345475053   26    3   10    2
 -0.0008610680691823524   26    3   10    8
 0.001502633477417929   26    3   12    7
 -0.004204146521824882   26    3   14    1
 -0.005256921944562874   26    3   14    5
 0.003876623033339214   26    3   14    9
 0.00442563147298528   26    3   14   12
 0.0005422875905712081   26    3   15    3
 -0.008257287254069259   26    3   15   10
 0.00579427263725102   26    3   16    7
 -0.000363769526515503   26    3   16   14
 -0.005794272637251007   26    3   17    6
 0.0003637695265155328   26    3   17   13
 -0.004342461146500117   26    3   18    3
 0.001043753668345011   26    3   18   10
 0.006405477741290221   26    3   19    2
 0.002683513988376188   26    3   19    8
 0.000248783681908123   26    3   19   15
 -0.00296437884630458   26    3   19   18
 -0.005963547849026835   26    3   21    4
 -0.002012043031240539   26    3   21   11
 0.004322184837227671   26    3   21   20
 0.005963547849026835   26    3   22    3
 0.002012043031240568   26    3   22   10
 -0.004322184837227689   26    3   22   19
 0.006151883580107376   26    3   23    7
 -0.002402633013032421   26    3   23   14
 0.001523945318449411   26    3   24   17
 0.005827677152202136   26    3   25    1
 0.000690203041744286   26    3   25    5
 -0.00372320188444708   26    3   25    9
 0.003675025900673062   26    3   25   12
 -0.001523945318449396   26    3   25   16
 -0.0006667365712182026   26    3   25   23
 0.01178270806982788   26    3   26    3
 -0.006538368481373671   26    4    4    2
 -0.0006992525792344516   26    4    6    1
 0.009194380567217351   26    4    6    5
 -0.002043786847241381   26    4    8    4
 -0.004991202553847863   26    4    9    6
 -0.0008148520345475321   26    4   11    2
 -0.0008610680691823252   26    4   11    8
 0.001502633477418002   26    4   12    6
 -0.004204146521824942   26    4   13    1
 -0.00525692194456286   26    4   13    5
 0.003876623033339214   26    4   13    9
 0.004425631472985212   26    4   13   12
 0.00054228759057112   26    4   15    4
 -0.008257287254069198   26    4   15   11
 -0.005794272637251049   26    4   16    6
 0.0003637695265154754   26    4   16   13
 -0.005794272637251032   26    4   17    7
 0.0003637695265154626   26    4   17   14
 -0.00434246114650037   26    4   18    4
 0.001043753668345168   26    4   18   11
 0.006405477741290204   26    4   20    2
 0.002683513988376303   26    4   20    8
 0.0002487836819082059   26    4   20   15
 -0.002964378846304357   26    4   20   18
 -0.005963547849026822   26    4   21    3
 -0.002012043031240548   26    4   21   10
 0.004322184837227669   26    4   21   19
 -0.005963547849026844   26    4   22    4
 -0.002012043031240552   26    4   22   11
 0.004322184837227702   26    4   22   20
 0.006151883580107358   26    4   23    6
 -0.002402633013032346   26    4   23   13
 0.005827677152202173   26    4   24    1
 0.0006902030417442544   26    4   24    5
 -0.003723201884447107   26    4   24    9
 0.003675025900673122   26    4   24   12
 0.001523945318449353   26    4   24   16
 -0.0006667365712182132   26    4   24   23
 0.001523945318449403   26    4   25   17
 0.01178270806982786   26    4   26    4
 0.01507242843386944   26    5    2    1
 0.0002865411982343836   26    5    5    2
 0.03004135603723914   26    5    6    4
 0.03004135603723902   26    5    7    3
 0.01912321978582445   26    5    8    1
 -0.01296453110194348   26    5    8    5
 9.20879504572729e-15   26    5    8    8
 0.01694222464513495   26    5    9    2
 -0.01306588902795083   26    5    9    8
 -0.02426561869962671   26    5   10    7
 -0.02426561869962665   26    5   11    6
 0.01548913019161004   26    5   12    2
 0.002101735309020154   26    5   12    8
 -0.03421685972622601   26    5   13    4
 0.03007274038695714   26    5   13   11
 -0.03421685972622605   26    5   14    3
 0.03007274038695696   26    5   14   10
 0.03211739416066321   26    5   15    1
 0.0138769657862839   26    5   15    5
 3.125428233838446e-15   26    5   15    8
 -0.01732447677546405   26    5   15    9
 -0.004455634157948462   26    5   15   12
 -0.04366863950872554   26    5   18    1
 0.0001310807818165938   26    5   18    5
 1.136890003487399e-14   26    5   18    8
 0.01377859540690787   26    5   18    9
 -0.0190917619617175   26    5   18   12
 3.614934887335433e-15   26    5   18   15
 1.29032063158545e-15   26    5   18   16
 1.295633692902617e-14   26    5   18   18
 -0.003110189734879925   26    5   19    7
 0.01051280318227081   26    5   19   14
 -0.003110189734879987   26    5   20    6
 0.0105128031822709   26    5   20   13
 0.02423662503538909   26    5   21   17
 0.02423662503538881   26    5   22   16
 -0.02901591572426069   26    5   23    2
 -0.002738812945253537   26    5   23    8
 0.009337588499847192   26    5   23   15
 -0.001247721922860224   26    5   23   18
 1.19249201668117e-15   26    5   23   23
 0.02603603664567197   26    5   24    4
 -0.01559144001450945   26    5   24   11
 -0.004760437819845277   26    5   24   20
 0.02603603664567179   26    5   25    3
 -0.01559144001450935   26    5   25   10
 -0.004760437819845169   26    5   25   19
 1.135589518161017e-15   26    5   25   25
 0.03872576636266472   26    5   26    1
 0.05966955306090279   26    5   26    5
 -0.004679418842967713   26    6    4    1
 0.009811494437219808   26    6    5    4
 -0.01116419237871859   26    6    6    2
 -0.004368209725411258   26    6    8    6
 -0.009192995682931178   26    6    9    4
 -0.004738600739917919   26    6   11    1
 -0.001510923081935268   26    6   11    5
 -0.001237513417154818   26    6   11    9
 0.003393185543426753   26    6   12    4
 0.008762634996760154   26    6   12   11
 0.003248014203994843   26    6   13    2
 0.002974262558381394   26    6   13    8
 -0.005303817026453688   26    6   15    6
 -0.00695903636819066   26    6   15   13
 -0.009584689770992742   26    6   16    4
 -0.002148598672621275   26    6   16   11
 -0.009584689770992662   26    6   17    3
 -0.002148598672621249   26    6   17   10
 -0.001410945544802349   26    6   18    6
 -0.004608258053874791   26    6   18   13
 0.002137678298792989   26    6   19   17
 0.002448120755278401   26    6   20    1
 -0.004455112614170734   26    6   20    5
 -0.001919912036110304   26    6   20    9
 0.005493044738158002   26    6   20   12
 0.002137678298793026   26    6   20   16
 -0.01040796494983521   26    6   21    7
 0.002067234871379192   26    6   21   14
 -0.01040796494983537   26    6   22    6
 0.00206723487137914   26    6   22   13
 0.007901689280955276   26    6   23    4
 -0.003347528903655891   26    6   23   11
 -0.005340994342958787   26    6   23   20
 0.000645021936004961   26    6   24    2
 0.0008641025099245866   26    6   24    8
 -0.0005565461009859392   26    6   24   15
 -0.00268096772571287   26    6   24   18
 -9.593695949221167e-05   26    6   24   22
 -9.593695949209562e-05   26    6   25   21
 0.01038265570303749   26    6   26    6
 -0.004679418842967732   26    7    3    1
 0.009811494437219806   26    7    5    3
 -0.01116419237871858   26    7    7    2
 -0.00436820972541073   26    7    8    7
 -0.009192995682931188   26    7    9    3
 -0.004738600739917891   26    7   10    1
 -0.00151092308193526   26    7   10    5
 -0.001237513417154945   26    7   10    9
 0.003393185543426815   26    7   12    3
 0.008762634996760129   26    7   12   10
 0.003248014203994948   26    7   14    2
 0.002974262558383028   26    7   14    8
 -0.005303817026453466   26    7   15    7
 -0.006959036368190077   26    7   15   14
 0.009584689770992711   26    7   16    3
 0.002148598672621328   26    7   16   10
 -0.009584689770992699   26    7   17    4
 -0.002148598672621291   26    7   17   11
 -0.001410945544801699   26    7   18    7
 -0.004608258053872604   26    7   18   14
 0.002448120755278382   26    7   19    1
 -0.004455112614170752   26    7   19    5
 -0.001919912036110241   26    7   19    9
 0.005493044738158023   26    7   19   12
 -0.002137678298792992   26    7   19   16
 0.002137678298792993   26    7   20   17
 -0.01040796494983526   26    7   21    6
 0.002067234871379192   26    7   21   13
 0.01040796494983533   26    7   22    7
 -0.002067234871379069   26    7   22   14
 0.007901689280955252   26    7   23    3
 -0.003347528903655894   26    7   23   10
 -0.005340994342958724   26    7   23   19
 -9.59369594921248e-05   26    7   24   21
 0.0006450219360049872   26    7   25    2
 0.0008641025099253556   26    7   25    8
 -0.0005565461009855866   26    7   25   15
 -0.002680967725711897   26    7   25   18
 9.593695949211971e-05   26    7   25   22
 0.01038265570303778   26    7   26    7
 0.0002521608265282439   26    8    1    1
 -0.02872257392504985   26    8    2    2
 -0.01534263978355383   26    8    3    3
 -0.01534263978355493   26    8    4    4
 0.01257680245746735   26    8    5    1
 -0.02336020549039864   26    8    5    5
 -0.0197735947507174   26    8    6    6
 -0.01977359475071315   26    8    7    7
 -8.119524440360566e-15   26    8    8    1
 -0.003328670499886715   26    8    8    2
 7.906458353183592e-15   26    8    8    5
 -0.007460869422813646   26    8    8    8
 -0.008281377547023237   26    8    9    1
 -1.091990831035604e-15   26    8    9    2
 -0.003483270699718928   26    8    9    5
 -0.01036594062380025   26    8    9    9
 -0.002916518360691363   26    8   10    3
 3.442160090754951e-15   26    8   10    7
 -0.01095793952513912   26    8   10   10
 -0.002916518360691892   26    8   11    4
 3.207733849697509e-15   26    8   11    6
 -0.010957939525138   26    8   11   11
 0.001995653714223303   26    8   12    1
 -1.06902903102943e-15   26    8   12    2
 0.008655944220341156   26    8   12    5
 -3.147720399313468e-14   26    8   12    8
 0.0001595269289218679   26    8   12    9
 -0.01927587475439027   26    8   12   12
 0.003165596775170543   26    8   13    6
 -0.01262768874481981   26    8   13   13
 1.201524140091988e-15   26    8   14    3
 0.003165596775173102   26    8   14    7
 2.357635233981655e-15   26    8   14   10
 -0.01262768874481863   26    8   14   14
 -5.778738247832621e-15   26    8   15    1
 0.007983822284898084   26    8   15    2
 0.0002267664485389779   26    8   15    8
 -2.1172165155182e-15   26    8   15    9
 -1.641730312777465e-14   26    8   15   12
 -0.02112592674166333   26    8   15   15
 -0.02089240844907127   26    8   16   16
 -0.0208924084490723   26    8   17   17
 -1.072769591337427e-14   26    8   18    1
 -0.003892172697968752   26    8   18    2
 9.356706569963241e-15   26    8   18    5
 0.005423575707887643   26    8   18    8
 -7.535620260199159e-15   26    8   18    9
 -4.818370396491827e-14   26    8   18   12
 -0.003115206578201179   26    8   18   15
 2.332823368450914e-15   26    8   18   16
 -0.009489649985515481   26    8   18   18
 0.008705362069192096   26    8   19    3
 1.224671726094541e-15   26    8   19    7
 -0.002925794981991675   26    8   19   10
 -2.024540125802976e-15   26    8   19   14
 -0.02216662442715899   26    8   19   19
 0.008705362069192228   26    8   20    4
 -0.002925794981991166   26    8   20   11
 -1.250586752356478e-15   26    8   20   13
 -0.02216662442715774   26    8   20   20
 -0.02475478481309373   26    8   21   21
 1.349751888024541e-15   26    8   22    2
 2.011492129031626e-14   26    8   22    8
 8.930253035561329e-15   26    8   22   15
 2.573821294783813e-14   26    8   22   18
 -0.0247547848130951   26    8   22   22
 0.007558912430993093   26    8   23    1
 0.009931130864104938   26    8   23    5
 1.412127483237887e-14   26    8   23    8
 0.003448238259270551   26    8   23    9
 -0.0007741888271956244   26    8   23   12
 7.942191296482889e-15   26    8   23   15
 -1.621317078385473e-15   26    8   23   16
 1.781032385572982e-14   26    8   23   18
 5.819718191020769e-15   26    8   23   22
 -0.02369747197336793   26    8   23   23
 0.009155268410680676   26    8   24    6
 3.505438547071028e-15   26    8   24   11
 -0.003920988697551321   26    8   24   13
 2.518439147718379e-15   26    8   24   20
 -0.02328772851692709   26    8   24   24
 0.009155268410683108   26    8   25    7
 5.566168052864571e-15   26    8   25   10
 -0.003920988697548783   26    8   25   14
 2.92575814498347e-15   26    8   25   19
 -0.02328772851693802   26    8   25   25
 -4.146838840312249e-15   26    8   26    1
 -0.002964699973233191   26    8   26    2
 2.308124948674737e-15   26    8   26    5
 0.01000929304404172   26    8   26    8
 -0.03407650552981621   26    9    2    1
 0.06936153503242461   26    9    5    2
 -0.05576854575721944   26    9    6    4
 -0.05576854575721947   26    9    7    3
 -0.02135457680460218   26    9    8    1
 -1.038409900614778e-15   26    9    8    2
 0.001235796739090727   26    9    8    5
 3.286433434363207e-15   26    9    8    8
 -0.0001918725159038317   26    9    9    2
 -0.02233116121371138   26    9    9    8
 0.01778619786991594   26    9   10    7
 0.01778619786991611   26    9   11    6
 -0.03440314570217951   26    9   12    2
 -0.02521762095647725   26    9   12    8
 -1.172263828041098e-15   26    9   12   12
 0.04141666186251079   26    9   13    4
 -0.04865698945894705   26    9   13   11
 0.04141666186251026   26    9   14    3
 -0.04865698945894649   26    9   14   10
 -0.03127346238894027   26    9   15    1
 -0.05088575542332277   26    9   15    5
 0.01566866325324549   26    9   15    9
 0.04241500476671375   26    9   15   12
 0.04420985876235157   26    9   18    1
 -1.701330217505558e-15   26    9   18    2
 0.02007279444963058   26    9   18    5
 -3.359061732143615e-15   26    9   18    8
 -0.007100719746759636   26    9   18    9
 0.02444742557842901   26    9   18   12
 -3.932235068662746e-15   26    9   18   15
 -1.512243065895568e-14   26    9   18   18
 0.03592910906222625   26    9   19    7
 -0.02142129957705629   26    9   19   14
 0.03592910906222606   26    9   20    6
 -0.02142129957705664   26    9   20   13
 -0.05203468444177697   26    9   21   17
 -0.05203468444177722   26    9   22   16
 -1.188945492248435e-15   26    9   22   18
 -0.005898093491297792   26    9   23    2
 0.01427638175115702   26    9   23    8
 1.174119132412333e-15   26    9   23   12
 0.03610904118411982   26    9   23   15
 -0.02768979841918214   26    9   23   18
 -3.065223394344519e-15   26    9   23   23
 -0.01180412803441621   26    9   24    4
 0.0211534139524494   26    9   24   11
 -0.04769390473800872   26    9   24   20
 -0.01180412803441633   26    9   25    3
 0.02115341395244935   26    9   25   10
 -0.04769390473800889   26    9   25   19
 -0.04283450917549852   26    9   26    1
 -0.02458065841311329   26    9   26    5
 -1.782128914049954e-15   26    9   26    8
 0.04601349716230307   26    9   26    9
 -0.002645647527668982   26   10    3    2
 -0.007226689981464494   26   10    7    1
 -0.002525565220068684   26   10    7    5
 -0.003308125301115079   26   10    8    3
 0.001269248585809759   26   10    9    7
 0.0006824938717146274   26   10   10    2
 0.002006220313257775   26   10   10    8
 0.0007364511187563583   26   10   12    7
 0.007674356187948476   26   10   14    1
 0.004563283279534036   26   10   14    5
 -0.003029309781439689   26   10   14    9
 0.001405371760763423   26   10   14   12
 -0.008235305644271251   26   10   15    3
 0.004723665180377619   26   10   15   10
 0.003362919519862048   26   10   16    7
 -0.002084330911812297   26   10   16   14
 -0.00336291951986201   26   10   17    6
 0.002084330911812188   26   10   17   13
 0.007742772706401877   26   10   18    3
 -0.007653508769346624   26   10   18   10
 -0.002376495060583089   26   10   19    2
 -0.001140159767072094   26   10   19    8
 -0.0002287318263633199   26   10   19   15
 0.002753206859502856   26   10   19   18
 -0.004147155810209138   26   10   21    4
 0.001342641423749042   26   10   21   11
 -0.001293572683636952   26   10   21   20
 0.004147155810209207   26   10   22    3
 -0.001342641423749179   26   10   22   10
 0.001293572683636944   26   10   22   19
 0.002995645718237775   26   10   23    7
 -0.001735408819411611   26   10   23   14
 -0.003761815908701287   26   10   24   17
 -0.009734333743476263   26   10   25    1
 -0.001660526849609097   26   10   25    5
 0.002437730423114106   26   10   25    9
 -0.001917111252131076   26   10   25   12
 0.003761815908701312   26   10   25   16
 1.405545006533975e-15   26   10   25   18
 -4.35274852777428e-05   26   10   25   23
 -0.006946364664167926   26   10   26    3
 0.008702312754653573   26   10   26   10
 -0.002645647527669024   26   11    4    2
 -0.007226689981464547   26   11    6    1
 -0.002525565220068637   26   11    6    5
 -0.003308125301115118   26   11    8    4
 0.001269248585809819   26   11    9    6
 0.000682493871714593   26   11   11    2
 0.002006220313257201   26   11   11    8
 0.000736451118756338   26   11   12    6
 0.007674356187948519   26   11   13    1
 0.004563283279534073   26   11   13    5
 -0.003029309781439869   26   11   13    9
 0.001405371760763766   26   11   13   12
 -0.008235305644271149   26   11   15    4
 0.004723665180377147   26   11   15   11
 -0.003362919519862118   26   11   16    6
 0.002084330911812344   26   11   16   13
 -0.003362919519862001   26   11   17    7
 0.002084330911812146   26   11   17   14
 0.007742772706402096   26   11   18    4
 -0.007653508769347653   26   11   18   11
 -0.002376495060583103   26   11   20    2
 -0.001140159767072327   26   11   20    8
 -0.0002287318263634118   26   11   20   15
 0.002753206859502462   26   11   20   18
 -0.004147155810209135   26   11   21    3
 0.001342641423748952   26   11   21   10
 -0.001293572683636947   26   11   21   19
 -0.004147155810209216   26   11   22    4
 0.00134264142374917   26   11   22   11
 -0.001293572683636963   26   11   22   20
 0.002995645718238007   26   11   23    6
 -0.001735408819411745   26   11   23   13
 -0.009734333743476264   26   11   24    1
 -0.001660526849609049   26   11   24    5
 0.002437730423114014   26   11   24    9
 -0.001917111252131055   26   11   24   12
 -0.003761815908701376   26   11   24   16
 -4.352748527765453e-05   26   11   24   23
 -0.003761815908701315   26   11   25   17
 -0.006946364664167994   26   11   26    4
 0.008702312754653345   26   11   26   11
 0.002881325753736921   26   12    2    1
 -0.005979877679040999   26   12    5    2
 0.003464280416269712   26   12    6    4
 0.003464280416269855   26   12    7    3
 0.0006445719267966299   26   12    8    1
 2.524837919950161e-15   26   12    8    2
 0.00534793754585449   26   12    8    5
 -1.319488740204233e-15   26   12    8    8
 -0.005099575754556321   26   12    9    2
 0.008313742190370932   26   12    9    8
 0.005663311953870597   26   12   10    7
 0.005663311953871394   26   12   11    6
 -0.004413470180407461   26   12   12    2
 0.002670818270098591   26   12   12    8
 0.00335667012725153   26   12   13    4
 1.585985833315498e-15   26   12   13    6
 0.001572597201017801   26   12   13   11
 2.530568994178269e-15   26   12   13   13
 0.003356670127251702   26   12   14    3
 1.17430538627679e-15   26   12   14    7
 0.001572597201017289   26   12   14   10
 1.64957685290665e-15   26   12   14   14
 0.002963719821805242   26   12   15    1
 1.151041344409187e-15   26   12   15    2
 -0.0009055781724277433   26   12   15    5
 -2.716261493301034e-15   26   12   15    8
 0.003308079519870181   26   12   15    9
 -0.002269609950728964   26   12   15   12
 -1.672442391766088e-15   26   12   15   15
 -0.0008614727356521962   26   12   18    1
 2.40233886987066e-15   26   12   18    2
 -0.006337556890156853   26   12   18    5
 0.001889578676794728   26   12   18    9
 0.000219821989808342   26   12   18   12
 -2.413856103315528e-15   26   12   18   15
 -0.001386998282019445   26   12   19    7
 -0.003266710242487486   26   12   19   14
 -0.001386998282019064   26   12   20    6
 -0.003266710242487194   26   12   20   13
 0.006825046311525723   26   12   21   17
 1.769751979660274e-15   26   12   22    8
 1.075384436832893e-15   26   12   22   15
 0.006825046311526392   26   12   22   16
 2.046397574186325e-15   26   12   22   18
 0.004914284403559891   26   12   23    2
 -5.998252466903455e-05   26   12   23    8
 -0.006647209883053336   26   12   23   15
 0.003814472360684054   26   12   23   18
 3.513575959129849e-05   26   12   24    4
 -0.0008628154448110488   26   12   24   11
 1.469166923904924e-15   26   12   24   13
 0.00939595234064439   26   12   24   20
 -1.101713720201876e-15   26   12   24   24
 3.513575959125719e-05   26   12   25    3
 -0.0008628154448114318   26   12   25   10
 1.403827898892528e-15   26   12   25   14
 0.009395952340644088   26   12   25   19
 0.002407603215838109   26   12   26    1
 2.138076052456476e-15   26   12   26    2
 -0.008706548016189777   26   12   26    5
 -5.273785279061907e-15   26   12   26    8
 -0.001447687088765955   26   12   26    9
 0.008202055918438568   26   12   26   12
 -0.0123598717320042   26   13    4    1
 -0.006684690496483964   26   13    5    4
 0.0004411044727115177   26   13    6    2
 -0.0004202081299037684   26   13    8    6
 0.003411107911471628   26   13    9    4
 0.009525716051152754   26   13   11    1
 0.006327597154089863   26   13   11    5
 -0.004210947997935711   26   13   11    9
 0.0006022938315114327   26   13   12    4
 0.001368087454516351   26   13   12   11
 -0.001284638478906492   26   13   13    2
 0.0019827502139237   26   13   13    8
 -0.005963943056630876   26   13   15    6
 0.006446502501862857   26   13   15   13
 -0.003891086186434618   26   13   16    4
 0.002058462189266184   26   13   16   11
 -0.00389108618643449   26   13   17    3
 0.002058462189266004   26   13   17   10
 0.004281389642070747   26   13   18    6
 -0.005816897662834081   26   13   18   13
 -0.004422516201358747   26   13   19   17
 -0.009541184036819299   26   13   20    1
 -0.0007711220090825211   26   13   20    5
 3.618427960138099e-05   26   13   20    9
 -0.002715237863435673   26   13   20   12
 -0.004422516201358599   26   13   20   16
 -0.0009536465710024822   26   13   21    7
 0.0008073993083117673   26   13   21   14
 -0.0009536465710026795   26   13   22    6
 0.0008073993083119668   26   13   22   13
 -0.001455622388110389   26   13   23    4
 0.0007075533281649231   26   13   23   11
 -0.002051456165131869   26   13   23   20
 -0.003322848520484197   26   13   24    2
 -0.00292472047313799   26   13   24    8
 -0.00528101800101103   26   13   24   15
 0.007720935001010793   26   13   24   18
 -0.003327797118130058   26   13   24   22
 -0.00332779711812999   26   13   25   21
 -0.006736353878600661   26   13   26    6
 0.009537583036262133   26   13   26   13
 -0.01235987173200412   26   14    3    1
 -0.006684690496484031   26   14    5    3
 0.0004411044727116451   26   14    7    2
 -0.0004202081299028194   26   14    8    7
 0.003411107911471506   26   14    9    3
 0.00952571605115274   26   14   10    1
 0.006327597154089841   26   14   10    5
 -0.004210947997935563   26   14   10    9
 0.000602293831511725   26   14   12    3
 0.001368087454515978   26   14   12   10
 -0.001284638478906376   26   14   14    2
 0.001982750213925465   26   14   14    8
 -0.005963943056630535   26   14   15    7
 0.006446502501863805   26   14   15   14
 0.003891086186434573   26   14   16    3
 -0.002058462189266105   26   14   16   10
 -0.003891086186434506   26   14   17    4
 0.002058462189265982   26   14   17   11
 0.004281389642071516   26   14   18    7
 -0.005816897662831243   26   14   18   14
 -0.009541184036819337   26   14   19    1
 -0.0007711220090824689   26   14   19    5
 3.618427960154361e-05   26   14   19    9
 -0.002715237863435834   26   14   19   12
 0.004422516201358669   26   14   19   16
 -0.004422516201358684   26   14   20   17
 -0.0009536465710025718   26   14   21    6
 0.0008073993083117055   26   14   21   13
 0.0009536465710026684   26   14   22    7
 -0.0008073993083117187   26   14   22   14
 -0.001455622388110659   26   14   23    3
 0.0007075533281652763   26   14   23   10
 -0.002051456165131678   26   14   23   19
 -0.003327797118130159   26   14   24   21
 -0.003322848520484095   26   14   25    2
 -0.002924720473136435   26   14   25    8
 -0.005281018001010499   26   14   25   15
 0.007720935001012343   26   14   25   18
 0.003327797118129947   26   14   25   22
 -0.00673635387859986   26   14   26    7
 0.009537583036263089   26   14   26   14
 0.1460479359376809   26   15    1    1
 0.03006998193662191   26   15    2    2
 0.07799064471207778   26   15    3    3
 0.07799064471207706   26   15    4    4
 0.05431314335761533   26   15    5    1
 0.05188724230058967   26   15    5    5
 0.04238805961831989   26   15    6    6
 0.042388059618322   26   15    7    7
 -2.112327067765347e-15   26   15    8    1
 0.02637449246760744   26   15    8    2
 2.203511811424552e-15   26   15    8    5
 0.004305492978216052   26   15    8    8
 -0.03898502048978806   26   15    9    1
 -0.04637971267243123   26   15    9    5
 -3.243123153810311e-15   26   15    9    8
 0.03109706293544619   26   15    9    9
 -0.05358263637850374   26   15   10    3
 1.429750452427274e-15   26   15   10    7
 0.05481325862822966   26   15   10   10
 -0.05358263637850381   26   15   11    4
 1.621688366241682e-15   26   15   11    6
 0.05481325862822974   26   15   11   11
 0.02711761005780816   26   15   12    1
 -0.01380997354890748   26   15   12    5
 -1.330098684745814e-14   26   15   12    8
 -0.008030410554117995   26   15   12    9
 0.03444557033685962   26   15   12   12
 -0.04900588445818933   26   15   13    6
 0.06198790924953089   26   15   13   13
 -0.04900588445818822   26   15   14    7
 1.005921594864893e-15   26   15   14   10
 0.06198790924953233   26   15   14   14
 -1.740632956807573e-15   26   15   15    1
 -0.003146752722552374   26   15   15    2
 0.00835265895171365   26   15   15    8
 -2.179603925493934e-15   26   15   15    9
 -5.71474331109473e-15   26   15   15   12
 0.05881487482186576   26   15   15   15
 0.04948855223236036   26   15   16   16
 0.04948855223236077   26   15   17   17
 -2.921247131232737e-15   26   15   18    1
 -0.0337839247527355   26   15   18    2
 2.945387620312474e-15   26   15   18    5
 -0.02752409989513869   26   15   18    8
 -8.386844744296273e-15   26   15   18    9
 -1.888541043799921e-14   26   15   18   12
 -0.03300466706796671   26   15   18   15
 1.032034162756674e-15   26   15   18   16
 0.06573868328229679   26   15   18   18
 0.01830201735872373   26   15   19    3
 -0.001918300745793318   26   15   19   10
 0.05115485421829365   26   15   19   19
 0.01830201735872387   26   15   20    4
 -0.001918300745793236   26   15   20   11
 0.0511548542182946   26   15   20   20
 0.03763123590337679   26   15   21   21
 8.72913498569507e-15   26   15   22    8
 4.42256586733564e-15   26   15   22   15
 1.173349408126918e-14   26   15   22   18
 0.03763123590337395   26   15   22   22
 0.02082956366253294   26   15   23    1
 0.0367632899725334   26   15   23    5
 4.399010828152556e-15   26   15   23    8
 -0.01225036235393256   26   15   23    9
 -0.0042789359728444   26   15   23   12
 2.769323900068112e-15   26   15   23   15
 -1.154658454081911e-15   26   15   23   16
 4.243629066422611e-15   26   15   23   18
 2.707949760643542e-15   26   15   23   22
 0.03525246913659155   26   15   23   23
 0.03231860989862408   26   15   24    6
 2.190526835675871e-15   26   15   24   11
 -0.03366759845465917   26   15   24   13
 1.093942795073381e-15   26   15   24   20
 0.03613133782335289   26   15   24   24
 0.03231860989862499   26   15   25    7
 2.839808063682057e-15   26   15   25   10
 -0.03366759845465802   26   15   25   14
 0.03613133782334751   26   15   25   25
 -0.02287773952253192   26   15   26    2
 0.01270542947389743   26   15   26    8
 0.08185369982537972   26   15   26   15
 -0.005657725393336259   26   16    6    4
 0.005657725393336279   26   16    7    3
 2.736300112752494e-15   26   16    8    8
 0.001258888830562799   26   16   10    7
 -0.001258888830562926   26   16   11    6
 3.156270114117566e-15   26   16   12    8
 0.001139492591751828   26   16   13    4
 -0.002321887515397948   26   16   13   11
 -0.001139492591752135   26   16   14    3
 0.002321887515398438   26   16   14   10
 1.55400677834212e-15   26   16   15    8
 1.627859967451211e-15   26   16   15   12
 -0.008589847890747434   26   16   16    2
 -0.004775432944699436   26   16   16    8
 -0.00644074929242771   26   16   16   15
 3.948368281294624e-15   26   16   18    8
 4.643771452628809e-15   26   16   18   12
 2.399861327379326e-15   26   16   18   15
 0.001346804177045283   26   16   18   16
 6.531246957263496e-15   26   16   18   18
 -0.002970193725639691   26   16   19    7
 0.001625243561314512   26   16   19   14
 0.002970193725639571   26   16   20    6
 -0.001625243561314212   26   16   20   13
 -0.007150786987937965   26   16   22    1
 0.007324405965836575   26   16   22    5
 -0.005176954301868819   26   16   22    9
 0.00185052989016047   26   16   22   12
 -2.855712342856112e-15   26   16   23    8
 -1.376343243045826e-15   26   16   23   15
 -4.284578353731559e-15   26   16   23   18
 0.009911986326424878   26   16   23   22
 -0.0004764920571948716   26   16   24    4
 -0.0007936639572078944   26   16   24   11
 -0.002629407484222609   26   16   24   20
 0.0004764920571950631   26   16   25    3
 0.0007936639572074523   26   16   25   10
 0.002629407484222651   26   16   25   19
 1.846681508436714e-15   26   16   26    8
 2.118863063888947e-15   26   16   26   12
 1.166508659248706e-15   26   16   26   15
 0.00672911989117492   26   16   26   16
 -0.005657725393336383   26   17    6    3
 -0.005657725393336383   26   17    7    4
 -0.001258888830562694   26   17   10    6
 -0.001258888830562694   26   17   11    7
 0.001139492591752025   26   17   13    3
 -0.002321887515398123   26   17   13   10
 0.001139492591752026   26   17   14    4
 -0.002321887515398126   26   17   14   11
 -0.008589847890747425   26   17   17    2
 -0.004775432944699365   26   17   17    8
 -0.006440749292427459   26   17   17   15
 0.001346804177045806   26   17   18   17
 0.002970193725639646   26   17   19    6
 -0.001625243561314462   26   17   19   13
 0.002970193725639645   26   17   20    7
 -0.001625243561314453   26   17   20   14
 -0.00715078698793805   26   17   21    1
 0.007324405965836605   26   17   21    5
 -0.005176954301868509   26   17   21    9
 0.001850529890160214   26   17   21   12
 0.009911986326425287   26   17   23   21
 -0.000476492057195025   26   17   24    3
 -0.0007936639572074407   26   17   24   10
 -0.002629407484222738   26   17   24   19
 -0.0004764920571950198   26   17   25    4
 -0.0007936639572074541   26   17   25   11
 -0.00262940748422273   26   17   25   20
 0.006729119891175109   26   17   26   17
 -0.1542227735898606   26   18    1    1
 -0.02897885729567777   26   18    2    2
 -0.08583401534551381   26   18    3    3
 -0.08583401534551532   26   18    4    4
 -0.05384845564225473   26   18    5    1
 -0.04844246220011138   26   18    5    5
 -0.04693862988514189   26   18    6    6
 -0.04693862988513639   26   18    7    7
 -6.903557264510148e-15   26   18    8    1
 -0.0255246143049752   26   18    8    2
 6.085421494422882e-15   26   18    8    5
 -0.00153721677551168   26   18    8    8
 0.03396122334862398   26   18    9    1
 -1.922988754530972e-15   26   18    9    2
 0.04351410750143593   26   18    9    5
 -6.167485942812885e-15   26   18    9    8
 -0.03529611789687695   26   18    9    9
 0.04550016021612638   26   18   10    3
 4.478444973907687e-15   26   18   10    7
 -0.05915103647622252   26   18   10   10
 0.04550016021612606   26   18   11    4
 4.527355409814288e-15   26   18   11    6
 -0.05915103647622162   26   18   11   11
 -0.02227544464793034   26   18   12    1
 -1.692296462957724e-15   26   18   12    2
 0.002981843563170212   26   18   12    5
 -4.054348590823377e-14   26   18   12    8
 0.01869228342503683   26   18   12    9
 -0.03391297345445708   26   18   12   12
 0.04047501580146981   26   18   13    6
 -0.05746765000023225   26   18   13   13
 0.04047501580147266   26   18   14    7
 3.239953478941877e-15   26   18   14   10
 -0.057467650000232   26   18   14   14
 -5.751422155400616e-15   26   18   15    1
 -0.008864491615928441   26   18   15    2
 -1.52159805541158e-15   26   18   15    5
 -0.01450696173311765   26   18   15    8
 -4.905855920410354e-15   26   18   15    9
 -1.972957165949766e-14   26   18   15   12
 -0.05659125796184673   26   18   15   15
 -1.114832725200383e-15   26   18   16    5
 -1.375923417793839e-15   26   18   16    9
 -1.279897680393564e-15   26   18   16   12
 -0.06568837213588685   26   18   16   16
 -0.06568837213588767   26   18   17   17
 -9.470986072311114e-15   26   18   18    1
 0.02783002988235763   26   18   18    2
 8.073227269327105e-15   26   18   18    5
 0.02832803446224888   26   18   18    8
 -1.831261469300634e-14   26   18   18    9
 -6.173173955303702e-14   26   18   18   12
 0.03160101910798073   26   18   18   15
 3.561902369332281e-15   26   18   18   16
 -0.06935520267827847   26   18   18   18
 -0.02767789857993671   26   18   19    3
 1.39828876324975e-15   26   18   19    7
 0.007794392011328387   26   18   19   10
 -2.770091707479647e-15   26   18   19   14
 -0.05857797111713402   26   18   19   19
 -0.02767789857993647   26   18   20    4
 1.003138197160122e-15   26   18   20    6
 0.007794392011328699   26   18   20   11
 -2.382204578286103e-15   26   18   20   13
 -0.05857797111713225   26   18   20   20
 -0.05165079414987907   26   18   21   21
 1.3827682559538e-15   26   18   22    2
 2.753219846321967e-14   26   18   22    8
 -1.083025417547872e-15   26   18   22   12
 1.313025557673238e-14   26   18   22   15
 3.656949136410321e-14   26   18   22   18
 -0.05165079414988307   26   18   22   22
 -0.02203247670997486   26   18   23    1
 -1.004443918489518e-15   26   18   23    2
 -0.03788968168823498   26   18   23    5
 1.501294040489828e-14   26   18   23    8
 0.01490060959930484   26   18   23    9
 0.004759189171265733   26   18   23   12
 9.902588303512421e-15   26   18   23   15
 -2.394357463000015e-15   26   18   23   16
 2.002129287752259e-14   26   18   23   18
 8.014277927221829e-15   26   18   23   22
 -0.04493016854512905   26   18   23   23
 -0.0329315312934256   26   18   24    6
 6.291321855849585e-15   26   18   24   11
 0.03254629085280279   26   18   24   13
 2.652879610565349e-15   26   18   24   20
 -0.04418771352562648   26   18   24   24
 -0.03293153129342297   26   18   25    7
 8.134267625615258e-15   26   18   25   10
 0.03254629085280619   26   18   25   14
 2.523960869279187e-15   26   18   25   19
 -0.04418771352564001   26   18   25   25
 -2.839907101894758e-15   26   18   26    1
 0.01620786676227611   26   18   26    2
 -0.01095978138405338   26   18   26    8
 -2.315277567735766e-15   26   18   26   12
 -0.06378292740037196   26   18   26   15
 4.48000035511202e-15   26   18   26   16
 0.06124736402101872   26   18   26   18
 0.003988619506058267   26   19    3    2
 0.005228192216295079   26   19    7    1
 0.0008376990367827512   26   19    7    5
 0.004556200232748632   26   19    8    3
 0.002881193049927183   26   19    9    7
 -0.004260139535586071   26   19   10    2
 -0.0009833580827709177   26   19   10    8
 0.00294544116247759   26   19   12    7
 -0.005720643445945277   26   19   14    1
 0.001775145341917409   26   19   14    5
 0.001180430311430193   26   19   14    9
 -0.002926333023050074   26   19   14   12
 0.003793166052570382   26   19   15    3
 -0.000915014844691023   26   19   15   10
 -0.003547249950442935   26   19   16    7
 0.003151038938734358   26   19   16   14
 0.003547249950442954   26   19   17    6
 -0.003151038938734452   26   19   17   13
 -0.007433501783879189   26   19   18    3
 0.005138033825273405   26   19   18   10
 0.002443532943584454   26   19   19    2
 -0.00230021685392243   26   19   19    8
 -0.0007539868796139005   26   19   19   15
 0.002340117420653852   26   19   19   18
 0.004489552446977891   26   19   21    4
 -0.002400441317273695   26   19   21   11
 -2.06933892811185e-05   26   19   21   20
 -0.004489552446977844   26   19   22    3
 0.002400441317273643   26   19   22   10
 2.069338928108521e-05   26   19   22   19
 -0.006718846659431548   26   19   23    7
 0.003746564658950477   26   19   23   14
 0.003229258836102182   26   19   24   17
 0.006481452019944133   26   19   25    1
 -0.004917875680429068   26   19   25    5
 1.116240430866553e-15   26   19   25    8
 -0.003885686546313469   26   19   25    9
 0.002280518170127848   26   19   25   12
 -0.003229258836102145   26   19   25   16
 1.463430622951624e-15   26   19   25   18
 0.006194883072436584   26   19   25   23
 -0.0007646996940522298   26   19   26    3
 -0.002682173544657863   26   19   26   10
 0.008959527900765735   26   19   26   19
 0.003988619506058237   26   20    4    2
 0.00522819221629507   26   20    6    1
 0.0008376990367827851   26   20    6    5
 0.004556200232748503   26   20    8    4
 0.002881193049927205   26   20    9    6
 -0.004260139535586077   26   20   11    2
 -0.0009833580827710796   26   20   11    8
 0.002945441162477599   26   20   12    6
 -0.005720643445945254   26   20   13    1
 0.001775145341917425   26   20   13    5
 0.001180430311430121   26   20   13    9
 -0.002926333023049878   26   20   13   12
 0.003793166052570366   26   20   15    4
 -0.0009150148446911838   26   20   15   11
 0.003547249950442946   26   20   16    6
 -0.003151038938734297   26   20   16   13
 0.003547249950442928   26   20   17    7
 -0.003151038938734454   26   20   17   14
 -0.007433501783879246   26   20   18    4
 0.005138033825273054   26   20   18   11
 0.002443532943584463   26   20   20    2
 -0.00230021685392256   26   20   20    8
 -0.0007539868796139294   26   20   20   15
 0.002340117420653643   26   20   20   18
 0.004489552446977854   26   20   21    3
 -0.002400441317273695   26   20   21   10
 -2.069338928111768e-05   26   20   21   19
 0.004489552446977841   26   20   22    4
 -0.002400441317273646   26   20   22   11
 -2.069338928108274e-05   26   20   22   20
 -0.006718846659431516   26   20   23    6
 0.003746564658950334   26   20   23   13
 0.006481452019944114   26   20   24    1
 -0.004917875680428965   26   20   24    5
 -0.003885686546313454   26   20   24    9
 0.002280518170127854   26   20   24   12
 0.003229258836102233   26   20   24   16
 0.006194883072436597   26   20   24   23
 0.003229258836102174   26   20   25   17
 -0.0007646996940522996   26   20   26    4
 -0.002682173544657936   26   20   26   11
 0.008959527900765679   26   20   26   20
 -0.008998382476832536   26   21    4    3
 -0.008690297247560206   26   21    7    6
 -0.001373261429277472   26   21   10    4
 -0.001373261429277472   26   21   11    3
 -0.005274585820007278   26   21   11   10
 0.001171030017095996   26   21   13    7
 0.001171030017095996   26   21   14    6
 -0.004801387426326269   26   21   14   13
 -0.01081551974510243   26   21   17    1
 0.007649004360354677   26   21   17    5
 -0.007904984077512514   26   21   17    9
 0.003740608529381697   26   21   17   12
 0.0008142164635491453   26   21   19    4
 -0.001000107719040546   26   21   19   11
 0.0008142164635491427   26   21   20    3
 -0.001000107719040539   26   21   20   10
 -0.006596806755001802   26   21   20   19
 -0.01293417315978983   26   21   21    2
 -0.007132591391831336   26   21   21    8
 -0.00974499766243783   26   21   21   15
 0.002312299192644777   26   21   21   18
 0.01029358226221132   26   21   23   17
 -0.0003699155537556748   26   21   24    7
 -0.0005641781167554556   26   21   24   14
 -0.0003699155537556722   26   21   25    6
 -0.0005641781167554759   26   21   25   13
 -0.004733023023059005   26   21   25   24
 0.009021076311067182   26   21   26   21
 0.008998382476832437   26   22    3    3
 -0.008998382476832451   26   22    4    4
 -0.008690297247560394   26   22    6    6
 0.00869029724755987   26   22    7    7
 1.441921077871452e-15   26   22    8    2
 2.50559465617314e-14   26   22    8    8
 0.001373261429277543   26   22   10    3
 0.005274585820007303   26   22   10   10
 -0.001373261429277562   26   22   11    4
 -0.005274585820007309   26   22   11   11
 0.001171030017095387   26   22   13    6
 -0.004801387426327536   26   22   13   13
 -0.001171030017096031   26   22   14    7
 0.004801387426326702   26   22   14   14
 1.014481508630096e-14   26   22   15    8
 4.418589303188162e-15   26   22   15   15
 -0.01081551974510228   26   22   16    1
 0.007649004360354614   26   22   16    5
 -0.007904984077512851   26   22   16    9
 0.003740608529382128   26   22   16   12
 1.481704490320929e-15   26   22   18    2
 3.394494981113805e-14   26   22   18    8
 1.414744141922977e-14   26   22   18   15
 4.562846623660303e-14   26   22   18   18
 -0.000814216463549049   26   22   19    3
 0.001000107719040538   26   22   19   10
 0.006596806755001838   26   22   19   19
 0.0008142164635491071   26   22   20    4
 -0.00100010771904062   26   22   20   11
 -0.006596806755001339   26   22   20   20
 -0.01293417315978957   26   22   22    2
 -0.007132591391828967   26   22   22    8
 -0.009744997662437124   26   22   22   15
 0.002312299192646783   26   22   22   18
 0.01029358226221103   26   22   23   16
 -1.032490040944043e-15   26   22   23   18
 -0.0003699155537556991   26   22   24    6
 -0.0005641781167558392   26   22   24   13
 -0.004733023023058963   26   22   24   24
 0.0003699155537553802   26   22   25    7
 0.0005641781167553941   26   22   25   14
 0.004733023023059645   26   22   25   25
 1.313308568248883e-15   26   22   26    2
 1.342876039461864e-14   26   22   26    8
 5.130846265334734e-15   26   22   26   15
 1.667522989312277e-14   26   22   26   18
 0.009021076311068615   26   22   26   22
 0.0430461183322363   26   23    2    1
 -0.1125847221058799   26   23    5    2
 0.06666588128476304   26   23    6    4
 0.06666588128476288   26   23    7    3
 0.01654474753033161   26   23    8    1
 -2.868862707973196e-15   26   23    8    2
 0.01154998773004747   26   23    8    5
 -0.0157221622944571   26   23    9    2
 0.05989608763089353   26   23    9    8
 0.0008489824546471869   26   23   10    7
 0.0008489824546472545   26   23   11    6
 0.03495645184990014   26   23   12    2
 0.04386606767430815   26   23   12    8
 -2.693818874069559e-15   26   23   12   12
 -0.03073207432614068   26   23   13    4
 0.05264625517087293   26   23   13   11
 -0.03073207432614122   26   23   14    3
 0.05264625517087342   26   23   14   10
 -1.476784143678484e-15   26   23   14   14
 0.02021506813479123   26   23   15    1
 -1.034374943283401e-15   26   23   15    2
 0.05757681727461076   26   23   15    5
 -0.006439521023716876   26   23   15    9
 -0.06540961935866524   26   23   15   12
 1.404076951775782e-15   26   23   15   15
 -0.02733654254963851   26   23   18    1
 -3.039059254285514e-15   26   23   18    2
 -0.02805646006388226   26   23   18    5
 -9.098625502699119e-15   26   23   18    8
 0.002326099064860329   26   23   18    9
 -0.02237196847739031   26   23   18   12
 -3.290647260862416e-15   26   23   18   15
 -2.317666728633723e-14   26   23   18   18
 -0.05746743119902585   26   23   19    7
 0.02455262360804454   26   23   19   14
 -0.05746743119902601   26   23   20    6
 0.02455262360804418   26   23   20   13
 0.07237469847710214   26   23   21   17
 0.07237469847710148   26   23   22   16
 0.02498657601109544   26   23   23    2
 -0.01722333207184194   26   23   23    8
 2.639990344277649e-15   26   23   23   12
 -0.0653809026584966   26   23   23   15
 0.04723876314893096   26   23   23   18
 -2.136173067286126e-15   26   23   23   23
 -0.006925471243060859   26   23   24    4
 -0.01539381463605651   26   23   24   11
 -1.029164476748343e-15   26   23   24   13
 0.08272575998634565   26   23   24   20
 -0.006925471243060951   26   23   25    3
 -0.01539381463605672   26   23   25   10
 0.08272575998634575   26   23   25   19
 0.0230393619580829   26   23   26    1
 -2.554288430115083e-15   26   23   26    2
 -0.01427555556591892   26   23   26    5
 -4.226884018782107e-15   26   23   26    8
 -0.04207083331239483   26   23   26    9
 0.01310109289688319   26   23   26   12
 -1.190181631029497e-14   26   23   26   18
 0.08280534837269206   26   23   26   23
 0.01199794714759492   26   24    4    1
 0.01033636218813576   26   24    5    4
 -0.006836947596172553   26   24    6    2
 0.004922773908915151   26   24    8    6
 -0.003354065640901997   26   24    9    4
 -0.01282419917223888   26   24   11    1
 -0.0015403973091703   26   24   11    5
 0.005003395682421045   26   24   11    9
 0.003827437558176532   26   24   12    4
 0.001606405361973813   26   24   12   11
 -0.002630019627437077   26   24   13    2
 0.0009255066551374435   26   24   13    8
 0.004673980106589573   26   24   15    6
 -0.009600267297402142   26   24   15   13
 0.002116554718033812   26   24   16    4
 -0.004865132494545488   26   24   16   11
 0.002116554718033886   26   24   17    3
 -0.00486513249454551   26   24   17   10
 -0.01078339689714451   26   24   18    6
 0.006619633753570415   26   24   18   13
 0.005913965388268272   26   24   19   17
 0.01125184884307409   26   24   20    1
 -0.008085265241614691   26   24   20    5
 1.161199485136786e-15   26   24   20    8
 -0.006148079722221801   26   24   20    9
 0.00420144922216887   26   24   20   12
 0.005913965388268334   26   24   20   16
 1.253177768929526e-15   26   24   20   18
 -0.001758823993898275   26   24   21    7
 -0.002801029967649242   26   24   21   14
 -0.001758823993898361   26   24   22    6
 -0.002801029967649132   26   24   22   13
 -0.001588895293281893   26   24   23    4
 -0.001199790850188251   26   24   23   11
 0.0106674145808118   26   24   23   20
 0.01630748269429237   26   24   24    2
 0.0009440981524119744   26   24   24    8
 -0.002495636820744262   26   24   24   15
 -0.002179475452798533   26   24   24   18
 0.007133585188741303   26   24   24   22
 0.007133585188741159   26   24   25   21
 0.002300861226685024   26   24   26    6
 -0.006642254906812754   26   24   26   13
 0.01848271709219862   26   24   26   24
 0.01199794714759487   26   25    3    1
 0.01033636218813576   26   25    5    3
 -0.006836947596172518   26   25    7    2
 0.004922773908915179   26   25    8    7
 -0.003354065640901932   26   25    9    3
 -0.01282419917223884   26   25   10    1
 -0.00154039730917024   26   25   10    5
 0.005003395682420999   26   25   10    9
 0.003827437558176558   26   25   12    3
 0.00160640536197382   26   25   12   10
 -0.002630019627436817   26   25   14    2
 0.0009255066551395444   26   25   14    8
 0.004673980106589682   26   25   15    7
 -0.009600267297401365   26   25   15   14
 -0.002116554718033873   26   25   16    3
 0.004865132494545577   26   25   16   10
 0.002116554718033835   26   25   17    4
 -0.004865132494545489   26   25   17   11
 -0.01078339689714424   26   25   18    7
 0.006619633753573145   26   25   18   14
 0.01125184884307415   26   25   19    1
 -0.00808526524161467   26   25   19    5
 1.073304167140932e-15   26   25   19    8
 -0.006148079722221784   26   25   19    9
 0.004201449222168975   26   25   19   12
 -0.005913965388268297   26   25   19   16
 1.379243958487244e-15   26   25   19   18
 0.005913965388268274   26   25   20   17
 -0.00175882399389833   26   25   21    6
 -0.002801029967649043   26   25   21   13
 0.001758823993898417   26   25   22    7
 0.002801029967649334   26   25   22   14
 -0.001588895293281767   26   25   23    3
 -0.001199790850188256   26   25   23   10
 0.01066741458081181   26   25   23   19
 0.007133585188741105   26   25   24   21
 0.01630748269429241   26   25   25    2
 0.0009440981524116845   26   25   25    8
 -0.002495636820744267   26   25   25   15
 -0.002179475452798626   26   25   25   18
 -0.007133585188741223   26   25   25   22
 0.00230086122668477   26   25   26    7
 -0.006642254906811095   26   25   26   14
 0.01848271709219837   26   25   26   25
 0.7223059163252146   26   26    1    1
 0.5551306024580694   26   26    2    2
 0.5846246591790759   26   26    3    3
 0.584624659179075   26   26    4    4
 0.09463556390427549   26   26    5    1
 0.5985753146976549   26   26    5    5
 0.5061430869254945   26   26    6    6
 0.506143086925497   26   26    7    7
 -6.934743927722446e-15   26   26    8    1
 0.07694876936972012   26   26    8    2
 8.047339459380623e-15   26   26    8    5
 0.3699154909218511   26   26    8    8
 -0.08238352577053512   26   26    9    1
 -0.09329192241216873   26   26    9    5
 2.582242755417977e-15   26   26    9    8
 0.4411491605446179   26   26    9    9
 -0.144509725819362   26   26   10    3
 2.899500083077527e-15   26   26   10    7
 0.4729295638212238   26   26   10   10
 -0.1445097258193621   26   26   11    4
 2.363624059597436e-15   26   26   11    6
 0.4729295638212245   26   26   11   11
 0.07567680379452775   26   26   12    1
 -0.09285781618356563   26   26   12    5
 -7.888359001110398e-15   26   26   12    8
 -0.01412243590812468   26   26   12    9
 0.4815799349303808   26   26   12   12
 -0.1581748094388519   26   26   13    6
 0.5049895723975224   26   26   13   13
 1.275917906634874e-15   26   26   14    3
 -0.1581748094388507   26   26   14    7
 2.918706154734736e-15   26   26   14   10
 0.504989572397524   26   26   14   14
 -5.10156320003522e-15   26   26   15    1
 -0.07843707334768792   26   26   15    2
 0.0236968633755792   26   26   15    8
 1.079736372062778e-15   26   26   15    9
 -5.448753046294702e-15   26   26   15   12
 0.584244100397745   26   26   15   15
 2.228700430083422e-15   26   26   16    8
 1.48533243212835e-15   26   26   16   15
 0.5394688288432601   26   26   16   16
 0.5394688288432601   26   26   17   17
 -9.307138332959206e-15   26   26   18    1
 -0.05850369642854433   26   26   18    2
 9.922085126809293e-15   26   26   18    5
 -0.09883711574541316   26   26   18    8
 -1.508401559680087e-14   26   26   18   12
 -0.1075641900936424   26   26   18   15
 4.739109179630564e-15   26   26   18   16
 0.5311431867995251   26   26   18   18
 0.00813414935140481   26   26   19    3
 -0.008955912135237583   26   26   19   10
 0.5760091470848484   26   26   19   19
 0.008134149351404982   26   26   20    4
 -0.008955912135237042   26   26   20   11
 0.5760091470848487   26   26   20   20
 0.5255912145198631   26   26   21   21
 1.041962744895505e-14   26   26   22    8
 3.529088626863624e-15   26   26   22   15
 1.132818451301164e-14   26   26   22   18
 0.5255912145198626   26   26   22   22
 0.03852810637002169   26   26   23    1
 0.0132451192258822   26   26   23    5
 6.887726092041357e-15   26   26   23    8
 -0.07526501782092328   26   26   23    9
 0.02715030936538042   26   26   23   12
 5.286291427879862e-15   26   26   23   15
 -2.747024085831506e-15   26   26   23   16
 1.127967853762069e-14   26   26   23   18
 3.902629588622438e-15   26   26   23   22
 0.5685148856776835   26   26   23   23
 0.01979406896649659   26   26   24    6
 1.422504117290977e-15   26   26   24   11
 -0.07579596361875143   26   26   24   13
 0.5568003659157142   26   26   24   24
 0.01979406896649853   26   26   25    7
 3.195587772973636e-15   26   26   25   10
 -0.07579596361875046   26   26   25   14
 1.629236834830241e-15   26   26   25   19
 0.5568003659157069   26   26   25   25
 -4.46022097452735e-15   26   26   26    1
 0.004641522440207382   26   26   26    2
 2.466526676946227e-15   26   26   26    5
 -0.01120859887828708   26   26   26    8
 4.475648960517452e-15   26   26   26    9
 8.158238577723562e-15   26   26   26   12
 0.1156456854086338   26   26   26   15
 2.593791551232758e-15   26   26   26   16
 -0.1078497230474498   26   26   26   18
 9.76802382620065e-15   26   26   26   22
 -7.963355788424702e-15   26   26   26   23
 0.7214502380207021   26   26   26   26
 -7.011153794477753    1    1  0  0
 -5.123899880986468    2    2  0  0
 -5.560061584075164    3    3  0  0
 -5.560061584075166    4    4  0  0
 -0.5796147125881657    5    1  0  0
 -5.211567725652245    5    5  0  0
 -4.436896321673172    6    6  0  0
 1.184440024151646e-15    7    1  0  0
 -4.436896321673172    7    7  0  0
 -0.6705287868008568    8    2  0  0
 -5.128397881721751e-15    8    3  0  0
 -6.730144754846237e-15    8    5  0  0
 -2.78183054951069    8    8  0  0
 0.3841438616141656    9    1  0  0
 0.6962323180780624    9    5  0  0
 -4.51902443760245e-15    9    8  0  0
 -3.260024791767221    9    9  0  0
 1.016678713004321   10    3  0  0
 -1.269364993230777e-15   10    8  0  0
 -3.599245156633706   10   10  0  0
 1.01667871300432   11    4  0  0
 -1.066551625581117e-15   11    6  0  0
 -3.599245156633704   11   11  0  0
 -0.4628540969371562   12    1  0  0
 0.6134870917575539   12    5  0  0
 -2.634785419294261e-15   12    8  0  0
 0.2477460854141553   12    9  0  0
 -3.459674595378548   12   12  0  0
 1.242235559385259   13    6  0  0
 -1.571455328473619e-15   13   11  0  0
 -3.576777138311944   13   13  0  0
 1.24223555938526   14    7  0  0
 -3.576777138311943   14   14  0  0
 -1.048443789147375e-15   15    1  0  0
 0.3629572173541901   15    2  0  0
 -2.004072412277242e-15   15    3  0  0
 -2.905831138008604e-15   15    5  0  0
 -0.2305211057839497   15    8  0  0
 -1.324149418934221e-15   15   12  0  0
 -3.852103270814347   15   15  0  0
 2.402639155661246e-15   16    8  0  0
 -3.521960508481855   16   16  0  0
 -3.521960508481858   17   17  0  0
 0.4956177876508038   18    2  0  0
 -5.273804259771914e-15   18    3  0  0
 -8.460486628004483e-15   18    5  0  0
 0.8140061449780084   18    8  0  0
 -1.334922882410622e-15   18   10  0  0
 -1.891126647938298e-14   18   12  0  0
 0.7146452954216732   18   15  0  0
 2.850667598598548e-15   18   16  0  0
 -3.071414281336131   18   18  0  0
 -0.133819836341344   19    3  0  0
 0.04074049992563938   19   10  0  0
 -3.394660875018754   19   19  0  0
 -0.1338198363413441   20    4  0  0
 0.04074049992564021   20   11  0  0
 -3.394660875018754   20   20  0  0
 -2.783761223413034   21   21  0  0
 -2.101450130450211e-15   22    8  0  0
 -1.470013047481857e-15   22   15  0  0
 -1.052816851949799e-15   22   16  0  0
 -2.783761223413033   22   22  0  0
 -0.1323653586882991   23    1  0  0
 -1.427041381779865e-15   23    2  0  0
 -0.2438810194336032   23    5  0  0
 1.026898969267924e-15   23    7  0  0
 0.5081238274127517   23    9  0  0
 -0.08380544426472322   23   12  0  0
 6.775137365943599e-15   23   15  0  0
 1.656822624844422e-14   23   18  0  0
 -2.186188854109336   23   23  0  0
 -0.2062806396176582   24    6  0  0
 -1.474988715285666e-15   24   11  0  0
 0.587777527309904   24   13  0  0
 -2.054761121863622   24   24  0  0
 2.644235233920071e-15   25    1  0  0
 1.185326516321472e-15   25    5  0  0
 -0.2062806396176577   25    7  0  0
 -1.194581737938594e-15   25    9  0  0
 0.5877775273099042   25   14  0  0
 1.42808768981947e-15   25   16  0  0
 -1.51391047458205e-15   25   19  0  0
 -2.054761121863625   25   25  0  0
 1.230810052143766e-15   26    1  0  0
 0.1100227571586897   26    2  0  0
 -6.621490319228895e-15   26    3  0  0
 -4.749974954336592e-15   26    5  0  0
 0.1533831619754534   26    8  0  0
 1.996640533217153e-15   26    9  0  0
 1.094933072307426e-15   26   10  0  0
 1.079237774784028e-14   26   12  0  0
 -0.7321696011324859   26   15  0  0
 0.7605095521520475   26   18  0  0
 -2.436412112363733e-15   26   19  0  0
 -1.54223361872258e-15   26   22  0  0
 -1.175904335813723e-14   26   23  0  0
 -2.321873361757751   26   26  0  0
 -76.23688810485091  0  0  0  0
